AnnoS;IstatP;ResidenzaP;SESSO;Lau
2020;1;TORINO;F;6512
2020;1;TORINO;M;5357
2020;2;VERCELLI;F;410
2020;2;VERCELLI;M;305
2020;3;NOVARA;F;1028
2020;3;NOVARA;M;703
2020;4;CUNEO;F;1566
2020;4;CUNEO;M;1245
2020;5;ASTI;F;513
2020;5;ASTI;M;381
2020;6;ALESSANDRIA;F;1015
2020;6;ALESSANDRIA;M;735
2020;7;AOSTA;F;382
2020;7;AOSTA;M;268
2020;8;IMPERIA;F;434
2020;8;IMPERIA;M;322
2020;9;SAVONA;F;747
2020;9;SAVONA;M;486
2020;10;GENOVA;F;2528
2020;10;GENOVA;M;1951
2020;11;LA SPEZIA;F;504
2020;11;LA SPEZIA;M;424
2020;12;VARESE;F;2461
2020;12;VARESE;M;1964
2020;13;COMO;F;1702
2020;13;COMO;M;1307
2020;14;SONDRIO;F;462
2020;14;SONDRIO;M;369
2020;15;MILANO;F;9603
2020;15;MILANO;M;7576
2020;16;BERGAMO;F;3302
2020;16;BERGAMO;M;2431
2020;17;BRESCIA;F;3355
2020;17;BRESCIA;M;2416
2020;18;PAVIA;F;1380
2020;18;PAVIA;M;1087
2020;19;CREMONA;F;948
2020;19;CREMONA;M;677
2020;20;MANTOVA;F;1024
2020;20;MANTOVA;M;714
2020;21;BOLZANO;F;734
2020;21;BOLZANO;M;435
2020;22;TRENTO;F;1826
2020;22;TRENTO;M;1258
2020;23;VERONA;F;2772
2020;23;VERONA;M;2136
2020;24;VICENZA;F;2560
2020;24;VICENZA;M;2005
2020;25;BELLUNO;F;588
2020;25;BELLUNO;M;438
2020;26;TREVISO;F;2658
2020;26;TREVISO;M;2161
2020;27;VENEZIA;F;2414
2020;27;VENEZIA;M;1884
2020;28;PADOVA;F;3084
2020;28;PADOVA;M;2487
2020;29;ROVIGO;F;697
2020;29;ROVIGO;M;461
2020;30;UDINE;F;1588
2020;30;UDINE;M;1203
2020;31;GORIZIA;F;349
2020;31;GORIZIA;M;312
2020;32;TRIESTE;F;597
2020;32;TRIESTE;M;495
2020;33;PIACENZA;F;807
2020;33;PIACENZA;M;539
2020;34;PARMA;F;1334
2020;34;PARMA;M;1080
2020;35;REGGIO EMILIA;F;1437
2020;35;REGGIO EMILIA;M;990
2020;36;MODENA;F;1994
2020;36;MODENA;M;1463
2020;37;BOLOGNA;F;3093
2020;37;BOLOGNA;M;2377
2020;38;FERRARA;F;910
2020;38;FERRARA;M;654
2020;39;RAVENNA;F;1068
2020;39;RAVENNA;M;721
2020;40;FORLI'-CESENA;F;1119
2020;40;FORLI'-CESENA;M;850
2020;41;PESARO E URBINO;F;1182
2020;41;PESARO E URBINO;M;828
2020;42;ANCONA;F;1643
2020;42;ANCONA;M;1297
2020;43;MACERATA;F;1090
2020;43;MACERATA;M;770
2020;44;ASCOLI PICENO;F;819
2020;44;ASCOLI PICENO;M;636
2020;45;MASSA CARRARA;F;453
2020;45;MASSA CARRARA;M;363
2020;46;LUCCA;F;981
2020;46;LUCCA;M;718
2020;47;PISTOIA;F;711
2020;47;PISTOIA;M;566
2020;48;FIRENZE;F;2815
2020;48;FIRENZE;M;2201
2020;49;LIVORNO;F;753
2020;49;LIVORNO;M;622
2020;50;PISA;F;1240
2020;50;PISA;M;918
2020;51;AREZZO;F;929
2020;51;AREZZO;M;691
2020;52;SIENA;F;757
2020;52;SIENA;M;606
2020;53;GROSSETO;F;537
2020;53;GROSSETO;M;401
2020;54;PERUGIA;F;2111
2020;54;PERUGIA;M;1548
2020;55;TERNI;F;631
2020;55;TERNI;M;486
2020;56;VITERBO;F;893
2020;56;VITERBO;M;741
2020;57;RIETI;F;507
2020;57;RIETI;M;352
2020;58;ROMA;F;15152
2020;58;ROMA;M;12151
2020;59;LATINA;F;2014
2020;59;LATINA;M;1418
2020;60;FROSINONE;F;1767
2020;60;FROSINONE;M;1171
2020;61;CASERTA;F;3803
2020;61;CASERTA;M;2815
2020;62;BENEVENTO;F;1219
2020;62;BENEVENTO;M;913
2020;63;NAPOLI;F;11671
2020;63;NAPOLI;M;8758
2020;64;AVELLINO;F;1935
2020;64;AVELLINO;M;1510
2020;65;SALERNO;F;4246
2020;65;SALERNO;M;3321
2020;66;L'AQUILA;F;1142
2020;66;L'AQUILA;M;838
2020;67;TERAMO;F;1164
2020;67;TERAMO;M;813
2020;68;PESCARA;F;1157
2020;68;PESCARA;M;886
2020;69;CHIETI;F;1366
2020;69;CHIETI;M;983
2020;70;CAMPOBASSO;F;912
2020;70;CAMPOBASSO;M;712
2020;71;FOGGIA;F;2424
2020;71;FOGGIA;M;1637
2020;72;BARI;F;4577
2020;72;BARI;M;3525
2020;73;TARANTO;F;1899
2020;73;TARANTO;M;1406
2020;74;BRINDISI;F;1266
2020;74;BRINDISI;M;866
2020;75;LECCE;F;2960
2020;75;LECCE;M;2140
2020;76;POTENZA;F;1471
2020;76;POTENZA;M;1100
2020;77;MATERA;F;780
2020;77;MATERA;M;537
2020;78;COSENZA;F;2561
2020;78;COSENZA;M;1886
2020;79;CATANZARO;F;1283
2020;79;CATANZARO;M;898
2020;80;REGGIO CALABRIA;F;2245
2020;80;REGGIO CALABRIA;M;1478
2020;81;TRAPANI;F;1602
2020;81;TRAPANI;M;1113
2020;82;PALERMO;F;4417
2020;82;PALERMO;M;3372
2020;83;MESSINA;F;2331
2020;83;MESSINA;M;1741
2020;84;AGRIGENTO;F;1837
2020;84;AGRIGENTO;M;1287
2020;85;CALTANISSETTA;F;1157
2020;85;CALTANISSETTA;M;871
2020;86;ENNA;F;628
2020;86;ENNA;M;415
2020;87;CATANIA;F;3727
2020;87;CATANIA;M;2730
2020;88;RAGUSA;F;1019
2020;88;RAGUSA;M;807
2020;89;SIRACUSA;F;1187
2020;89;SIRACUSA;M;899
2020;90;SASSARI;F;1496
2020;90;SASSARI;M;1016
2020;91;NUORO;F;743
2020;91;NUORO;M;421
2020;92;CAGLIARI;F;1291
2020;92;CAGLIARI;M;923
2020;93;PORDENONE;F;868
2020;93;PORDENONE;M;674
2020;94;ISERNIA;F;362
2020;94;ISERNIA;M;273
2020;95;ORISTANO;F;477
2020;95;ORISTANO;M;308
2020;96;BIELLA;F;401
2020;96;BIELLA;M;296
2020;97;LECCO;F;1087
2020;97;LECCO;M;822
2020;98;LODI;F;633
2020;98;LODI;M;440
2020;99;RIMINI;F;970
2020;99;RIMINI;M;763
2020;100;PRATO;F;604
2020;100;PRATO;M;458
2020;101;CROTONE;F;572
2020;101;CROTONE;M;433
2020;102;VIBO VALENTIA;F;593
2020;102;VIBO VALENTIA;M;395
2020;103;VERBANO CUSIO OSSOLA;F;381
2020;103;VERBANO CUSIO OSSOLA;M;253
2020;108;MONZA E BRIANZA;F;2722
2020;108;MONZA E BRIANZA;M;2103
2020;109;FERMO;F;622
2020;109;FERMO;M;469
2020;110;BARLETTA - ANDRIA - TRANI;F;1478
2020;110;BARLETTA - ANDRIA - TRANI;M;1024
2020;111;SUD SARDEGNA;F;901
2020;111;SUD SARDEGNA;M;537
2020;998;PROVINCIA ESTERA;F;3673
2020;998;PROVINCIA ESTERA;M;3405
2020;999;PROVINCIA NON DEFINITA;F;34
2020;999;PROVINCIA NON DEFINITA;M;45
2019;1;TORINO;F;6050
2019;1;TORINO;M;4954
2019;2;VERCELLI;F;395
2019;2;VERCELLI;M;302
2019;3;NOVARA;F;974
2019;3;NOVARA;M;671
2019;4;CUNEO;F;1523
2019;4;CUNEO;M;1066
2019;5;ASTI;F;457
2019;5;ASTI;M;362
2019;6;ALESSANDRIA;F;1003
2019;6;ALESSANDRIA;M;782
2019;7;AOSTA;F;354
2019;7;AOSTA;M;233
2019;8;IMPERIA;F;430
2019;8;IMPERIA;M;329
2019;9;SAVONA;F;712
2019;9;SAVONA;M;518
2019;10;GENOVA;F;2468
2019;10;GENOVA;M;1977
2019;11;LA SPEZIA;F;543
2019;11;LA SPEZIA;M;390
2019;12;VARESE;F;2388
2019;12;VARESE;M;1793
2019;13;COMO;F;1582
2019;13;COMO;M;1249
2019;14;SONDRIO;F;459
2019;14;SONDRIO;M;280
2019;15;MILANO;F;8876
2019;15;MILANO;M;7469
2019;16;BERGAMO;F;3280
2019;16;BERGAMO;M;2387
2019;17;BRESCIA;F;3179
2019;17;BRESCIA;M;2446
2019;18;PAVIA;F;1380
2019;18;PAVIA;M;1061
2019;19;CREMONA;F;940
2019;19;CREMONA;M;737
2019;20;MANTOVA;F;972
2019;20;MANTOVA;M;707
2019;21;BOLZANO;F;692
2019;21;BOLZANO;M;380
2019;22;TRENTO;F;1767
2019;22;TRENTO;M;1222
2019;23;VERONA;F;2608
2019;23;VERONA;M;2148
2019;24;VICENZA;F;2585
2019;24;VICENZA;M;1900
2019;25;BELLUNO;F;557
2019;25;BELLUNO;M;379
2019;26;TREVISO;F;2557
2019;26;TREVISO;M;2056
2019;27;VENEZIA;F;2227
2019;27;VENEZIA;M;1769
2019;28;PADOVA;F;3085
2019;28;PADOVA;M;2448
2019;29;ROVIGO;F;674
2019;29;ROVIGO;M;482
2019;30;UDINE;F;1528
2019;30;UDINE;M;1176
2019;31;GORIZIA;F;327
2019;31;GORIZIA;M;240
2019;32;TRIESTE;F;628
2019;32;TRIESTE;M;475
2019;33;PIACENZA;F;804
2019;33;PIACENZA;M;615
2019;34;PARMA;F;1277
2019;34;PARMA;M;1130
2019;35;REGGIO EMILIA;F;1483
2019;35;REGGIO EMILIA;M;1009
2019;36;MODENA;F;1928
2019;36;MODENA;M;1565
2019;37;BOLOGNA;F;3003
2019;37;BOLOGNA;M;2303
2019;38;FERRARA;F;822
2019;38;FERRARA;M;744
2019;39;RAVENNA;F;1023
2019;39;RAVENNA;M;703
2019;40;FORLI'-CESENA;F;1137
2019;40;FORLI'-CESENA;M;824
2019;41;PESARO E URBINO;F;1163
2019;41;PESARO E URBINO;M;792
2019;42;ANCONA;F;1608
2019;42;ANCONA;M;1217
2019;43;MACERATA;F;1086
2019;43;MACERATA;M;819
2019;44;ASCOLI PICENO;F;802
2019;44;ASCOLI PICENO;M;593
2019;45;MASSA CARRARA;F;504
2019;45;MASSA CARRARA;M;360
2019;46;LUCCA;F;960
2019;46;LUCCA;M;690
2019;47;PISTOIA;F;725
2019;47;PISTOIA;M;514
2019;48;FIRENZE;F;2858
2019;48;FIRENZE;M;2230
2019;49;LIVORNO;F;781
2019;49;LIVORNO;M;610
2019;50;PISA;F;1201
2019;50;PISA;M;946
2019;51;AREZZO;F;940
2019;51;AREZZO;M;663
2019;52;SIENA;F;754
2019;52;SIENA;M;598
2019;53;GROSSETO;F;558
2019;53;GROSSETO;M;392
2019;54;PERUGIA;F;2213
2019;54;PERUGIA;M;1559
2019;55;TERNI;F;654
2019;55;TERNI;M;554
2019;56;VITERBO;F;898
2019;56;VITERBO;M;718
2019;57;RIETI;F;506
2019;57;RIETI;M;351
2019;58;ROMA;F;15401
2019;58;ROMA;M;12193
2019;59;LATINA;F;1967
2019;59;LATINA;M;1432
2019;60;FROSINONE;F;1790
2019;60;FROSINONE;M;1351
2019;61;CASERTA;F;4043
2019;61;CASERTA;M;2958
2019;62;BENEVENTO;F;1244
2019;62;BENEVENTO;M;953
2019;63;NAPOLI;F;11492
2019;63;NAPOLI;M;8608
2019;64;AVELLINO;F;1855
2019;64;AVELLINO;M;1462
2019;65;SALERNO;F;4230
2019;65;SALERNO;M;3424
2019;66;L'AQUILA;F;1156
2019;66;L'AQUILA;M;823
2019;67;TERAMO;F;1269
2019;67;TERAMO;M;844
2019;68;PESCARA;F;1173
2019;68;PESCARA;M;892
2019;69;CHIETI;F;1546
2019;69;CHIETI;M;1001
2019;70;CAMPOBASSO;F;993
2019;70;CAMPOBASSO;M;688
2019;71;FOGGIA;F;2379
2019;71;FOGGIA;M;1669
2019;72;BARI;F;4471
2019;72;BARI;M;3596
2019;73;TARANTO;F;1977
2019;73;TARANTO;M;1504
2019;74;BRINDISI;F;1319
2019;74;BRINDISI;M;940
2019;75;LECCE;F;3068
2019;75;LECCE;M;2212
2019;76;POTENZA;F;1505
2019;76;POTENZA;M;1027
2019;77;MATERA;F;792
2019;77;MATERA;M;592
2019;78;COSENZA;F;2588
2019;78;COSENZA;M;1841
2019;79;CATANZARO;F;1359
2019;79;CATANZARO;M;1022
2019;80;REGGIO CALABRIA;F;2125
2019;80;REGGIO CALABRIA;M;1446
2019;81;TRAPANI;F;1531
2019;81;TRAPANI;M;1060
2019;82;PALERMO;F;4243
2019;82;PALERMO;M;3334
2019;83;MESSINA;F;2228
2019;83;MESSINA;M;1716
2019;84;AGRIGENTO;F;1689
2019;84;AGRIGENTO;M;1133
2019;85;CALTANISSETTA;F;1155
2019;85;CALTANISSETTA;M;787
2019;86;ENNA;F;661
2019;86;ENNA;M;451
2019;87;CATANIA;F;3654
2019;87;CATANIA;M;2661
2019;88;RAGUSA;F;1009
2019;88;RAGUSA;M;733
2019;89;SIRACUSA;F;1186
2019;89;SIRACUSA;M;811
2019;90;SASSARI;F;1482
2019;90;SASSARI;M;933
2019;91;NUORO;F;728
2019;91;NUORO;M;472
2019;92;CAGLIARI;F;1415
2019;92;CAGLIARI;M;960
2019;93;PORDENONE;F;860
2019;93;PORDENONE;M;648
2019;94;ISERNIA;F;348
2019;94;ISERNIA;M;242
2019;95;ORISTANO;F;460
2019;95;ORISTANO;M;327
2019;96;BIELLA;F;434
2019;96;BIELLA;M;293
2019;97;LECCO;F;1079
2019;97;LECCO;M;845
2019;98;LODI;F;602
2019;98;LODI;M;424
2019;99;RIMINI;F;977
2019;99;RIMINI;M;723
2019;100;PRATO;F;553
2019;100;PRATO;M;442
2019;101;CROTONE;F;661
2019;101;CROTONE;M;421
2019;102;VIBO VALENTIA;F;663
2019;102;VIBO VALENTIA;M;413
2019;103;VERBANO CUSIO OSSOLA;F;350
2019;103;VERBANO CUSIO OSSOLA;M;256
2019;108;MONZA E BRIANZA;F;2557
2019;108;MONZA E BRIANZA;M;1946
2019;109;FERMO;F;624
2019;109;FERMO;M;409
2019;110;BARLETTA - ANDRIA - TRANI;F;1382
2019;110;BARLETTA - ANDRIA - TRANI;M;1026
2019;111;SUD SARDEGNA;F;927
2019;111;SUD SARDEGNA;M;529
2019;998;PROVINCIA ESTERA;F;3418
2019;998;PROVINCIA ESTERA;M;3381
2019;999;PROVINCIA NON DEFINITA;F;20
2019;999;PROVINCIA NON DEFINITA;M;32
2018;1;TORINO;F;5881
2018;1;TORINO;M;4826
2018;2;VERCELLI;F;447
2018;2;VERCELLI;M;317
2018;3;NOVARA;F;911
2018;3;NOVARA;M;638
2018;4;CUNEO;F;1417
2018;4;CUNEO;M;1064
2018;5;ASTI;F;509
2018;5;ASTI;M;333
2018;6;ALESSANDRIA;F;964
2018;6;ALESSANDRIA;M;709
2018;7;AOSTA;F;338
2018;7;AOSTA;M;234
2018;8;IMPERIA;F;442
2018;8;IMPERIA;M;335
2018;9;SAVONA;F;654
2018;9;SAVONA;M;542
2018;10;GENOVA;F;2522
2018;10;GENOVA;M;1918
2018;11;LA SPEZIA;F;544
2018;11;LA SPEZIA;M;405
2018;12;VARESE;F;2263
2018;12;VARESE;M;1875
2018;13;COMO;F;1570
2018;13;COMO;M;1165
2018;14;SONDRIO;F;419
2018;14;SONDRIO;M;324
2018;15;MILANO;F;8930
2018;15;MILANO;M;7178
2018;16;BERGAMO;F;3136
2018;16;BERGAMO;M;2165
2018;17;BRESCIA;F;3128
2018;17;BRESCIA;M;2239
2018;18;PAVIA;F;1327
2018;18;PAVIA;M;1060
2018;19;CREMONA;F;934
2018;19;CREMONA;M;665
2018;20;MANTOVA;F;951
2018;20;MANTOVA;M;679
2018;21;BOLZANO;F;700
2018;21;BOLZANO;M;429
2018;22;TRENTO;F;1697
2018;22;TRENTO;M;1241
2018;23;VERONA;F;2637
2018;23;VERONA;M;2044
2018;24;VICENZA;F;2510
2018;24;VICENZA;M;1858
2018;25;BELLUNO;F;603
2018;25;BELLUNO;M;409
2018;26;TREVISO;F;2561
2018;26;TREVISO;M;2035
2018;27;VENEZIA;F;2229
2018;27;VENEZIA;M;1789
2018;28;PADOVA;F;2959
2018;28;PADOVA;M;2318
2018;29;ROVIGO;F;623
2018;29;ROVIGO;M;453
2018;30;UDINE;F;1395
2018;30;UDINE;M;1144
2018;31;GORIZIA;F;312
2018;31;GORIZIA;M;259
2018;32;TRIESTE;F;617
2018;32;TRIESTE;M;493
2018;33;PIACENZA;F;752
2018;33;PIACENZA;M;541
2018;34;PARMA;F;1266
2018;34;PARMA;M;965
2018;35;REGGIO EMILIA;F;1329
2018;35;REGGIO EMILIA;M;986
2018;36;MODENA;F;1911
2018;36;MODENA;M;1522
2018;37;BOLOGNA;F;2813
2018;37;BOLOGNA;M;2219
2018;38;FERRARA;F;898
2018;38;FERRARA;M;632
2018;39;RAVENNA;F;907
2018;39;RAVENNA;M;653
2018;40;FORLI'-CESENA;F;1011
2018;40;FORLI'-CESENA;M;789
2018;41;PESARO E URBINO;F;1040
2018;41;PESARO E URBINO;M;780
2018;42;ANCONA;F;1593
2018;42;ANCONA;M;1184
2018;43;MACERATA;F;1058
2018;43;MACERATA;M;781
2018;44;ASCOLI PICENO;F;811
2018;44;ASCOLI PICENO;M;570
2018;45;MASSA CARRARA;F;457
2018;45;MASSA CARRARA;M;322
2018;46;LUCCA;F;933
2018;46;LUCCA;M;671
2018;47;PISTOIA;F;624
2018;47;PISTOIA;M;482
2018;48;FIRENZE;F;2631
2018;48;FIRENZE;M;2115
2018;49;LIVORNO;F;701
2018;49;LIVORNO;M;549
2018;50;PISA;F;1171
2018;50;PISA;M;871
2018;51;AREZZO;F;1008
2018;51;AREZZO;M;701
2018;52;SIENA;F;740
2018;52;SIENA;M;572
2018;53;GROSSETO;F;472
2018;53;GROSSETO;M;375
2018;54;PERUGIA;F;2191
2018;54;PERUGIA;M;1521
2018;55;TERNI;F;644
2018;55;TERNI;M;459
2018;56;VITERBO;F;952
2018;56;VITERBO;M;723
2018;57;RIETI;F;525
2018;57;RIETI;M;345
2018;58;ROMA;F;14557
2018;58;ROMA;M;11513
2018;59;LATINA;F;1808
2018;59;LATINA;M;1308
2018;60;FROSINONE;F;1698
2018;60;FROSINONE;M;1185
2018;61;CASERTA;F;3826
2018;61;CASERTA;M;2713
2018;62;BENEVENTO;F;1185
2018;62;BENEVENTO;M;850
2018;63;NAPOLI;F;10913
2018;63;NAPOLI;M;8454
2018;64;AVELLINO;F;1827
2018;64;AVELLINO;M;1375
2018;65;SALERNO;F;4293
2018;65;SALERNO;M;3178
2018;66;L'AQUILA;F;1185
2018;66;L'AQUILA;M;832
2018;67;TERAMO;F;1131
2018;67;TERAMO;M;746
2018;68;PESCARA;F;1073
2018;68;PESCARA;M;848
2018;69;CHIETI;F;1455
2018;69;CHIETI;M;998
2018;70;CAMPOBASSO;F;841
2018;70;CAMPOBASSO;M;627
2018;71;FOGGIA;F;2253
2018;71;FOGGIA;M;1648
2018;72;BARI;F;4275
2018;72;BARI;M;3430
2018;73;TARANTO;F;1925
2018;73;TARANTO;M;1428
2018;74;BRINDISI;F;1280
2018;74;BRINDISI;M;916
2018;75;LECCE;F;2987
2018;75;LECCE;M;2149
2018;76;POTENZA;F;1590
2018;76;POTENZA;M;1039
2018;77;MATERA;F;814
2018;77;MATERA;M;580
2018;78;COSENZA;F;2503
2018;78;COSENZA;M;1779
2018;79;CATANZARO;F;1368
2018;79;CATANZARO;M;958
2018;80;REGGIO CALABRIA;F;2358
2018;80;REGGIO CALABRIA;M;1518
2018;81;TRAPANI;F;1531
2018;81;TRAPANI;M;1017
2018;82;PALERMO;F;4089
2018;82;PALERMO;M;3087
2018;83;MESSINA;F;2277
2018;83;MESSINA;M;1591
2018;84;AGRIGENTO;F;1618
2018;84;AGRIGENTO;M;1133
2018;85;CALTANISSETTA;F;1066
2018;85;CALTANISSETTA;M;775
2018;86;ENNA;F;615
2018;86;ENNA;M;441
2018;87;CATANIA;F;3385
2018;87;CATANIA;M;2583
2018;88;RAGUSA;F;1025
2018;88;RAGUSA;M;724
2018;89;SIRACUSA;F;1203
2018;89;SIRACUSA;M;839
2018;90;SASSARI;F;1440
2018;90;SASSARI;M;959
2018;91;NUORO;F;803
2018;91;NUORO;M;459
2018;92;CAGLIARI;F;1325
2018;92;CAGLIARI;M;1004
2018;93;PORDENONE;F;810
2018;93;PORDENONE;M;670
2018;94;ISERNIA;F;361
2018;94;ISERNIA;M;263
2018;95;ORISTANO;F;468
2018;95;ORISTANO;M;301
2018;96;BIELLA;F;389
2018;96;BIELLA;M;324
2018;97;LECCO;F;1034
2018;97;LECCO;M;788
2018;98;LODI;F;541
2018;98;LODI;M;410
2018;99;RIMINI;F;900
2018;99;RIMINI;M;727
2018;100;PRATO;F;603
2018;100;PRATO;M;416
2018;101;CROTONE;F;583
2018;101;CROTONE;M;422
2018;102;VIBO VALENTIA;F;578
2018;102;VIBO VALENTIA;M;422
2018;103;VERBANO CUSIO OSSOLA;F;346
2018;103;VERBANO CUSIO OSSOLA;M;237
2018;108;MONZA E BRIANZA;F;2555
2018;108;MONZA E BRIANZA;M;1904
2018;109;FERMO;F;562
2018;109;FERMO;M;423
2018;110;BARLETTA - ANDRIA - TRANI;F;1275
2018;110;BARLETTA - ANDRIA - TRANI;M;981
2018;111;SUD SARDEGNA;F;903
2018;111;SUD SARDEGNA;M;522
2018;998;PROVINCIA ESTERA;F;2897
2018;998;PROVINCIA ESTERA;M;2780
2018;999;PROVINCIA NON DEFINITA;F;15
2018;999;PROVINCIA NON DEFINITA;M;12
2017;1;TORINO;F;5774
2017;1;TORINO;M;4685
2017;2;VERCELLI;F;387
2017;2;VERCELLI;M;294
2017;3;NOVARA;F;924
2017;3;NOVARA;M;633
2017;4;CUNEO;F;1383
2017;4;CUNEO;M;980
2017;5;ASTI;F;434
2017;5;ASTI;M;341
2017;6;ALESSANDRIA;F;965
2017;6;ALESSANDRIA;M;694
2017;7;AOSTA;F;348
2017;7;AOSTA;M;240
2017;8;IMPERIA;F;432
2017;8;IMPERIA;M;315
2017;9;SAVONA;F;647
2017;9;SAVONA;M;448
2017;10;GENOVA;F;2361
2017;10;GENOVA;M;1753
2017;11;LA SPEZIA;F;460
2017;11;LA SPEZIA;M;362
2017;12;VARESE;F;2240
2017;12;VARESE;M;1730
2017;13;COMO;F;1588
2017;13;COMO;M;1126
2017;14;SONDRIO;F;462
2017;14;SONDRIO;M;311
2017;15;MILANO;F;8755
2017;15;MILANO;M;6760
2017;16;BERGAMO;F;3034
2017;16;BERGAMO;M;2083
2017;17;BRESCIA;F;3047
2017;17;BRESCIA;M;2143
2017;18;PAVIA;F;1317
2017;18;PAVIA;M;1019
2017;19;CREMONA;F;957
2017;19;CREMONA;M;667
2017;20;MANTOVA;F;926
2017;20;MANTOVA;M;670
2017;21;BOLZANO;F;746
2017;21;BOLZANO;M;397
2017;22;TRENTO;F;1626
2017;22;TRENTO;M;1105
2017;23;VERONA;F;2615
2017;23;VERONA;M;2028
2017;24;VICENZA;F;2499
2017;24;VICENZA;M;1852
2017;25;BELLUNO;F;564
2017;25;BELLUNO;M;401
2017;26;TREVISO;F;2490
2017;26;TREVISO;M;1885
2017;27;VENEZIA;F;2104
2017;27;VENEZIA;M;1642
2017;28;PADOVA;F;3010
2017;28;PADOVA;M;2287
2017;29;ROVIGO;F;583
2017;29;ROVIGO;M;409
2017;30;UDINE;F;1396
2017;30;UDINE;M;989
2017;31;GORIZIA;F;331
2017;31;GORIZIA;M;220
2017;32;TRIESTE;F;589
2017;32;TRIESTE;M;468
2017;33;PIACENZA;F;756
2017;33;PIACENZA;M;536
2017;34;PARMA;F;1252
2017;34;PARMA;M;980
2017;35;REGGIO EMILIA;F;1328
2017;35;REGGIO EMILIA;M;957
2017;36;MODENA;F;1865
2017;36;MODENA;M;1426
2017;37;BOLOGNA;F;2877
2017;37;BOLOGNA;M;2253
2017;38;FERRARA;F;819
2017;38;FERRARA;M;668
2017;39;RAVENNA;F;855
2017;39;RAVENNA;M;650
2017;40;FORLI'-CESENA;F;1106
2017;40;FORLI'-CESENA;M;723
2017;41;PESARO E URBINO;F;1069
2017;41;PESARO E URBINO;M;770
2017;42;ANCONA;F;1601
2017;42;ANCONA;M;1103
2017;43;MACERATA;F;1117
2017;43;MACERATA;M;735
2017;44;ASCOLI PICENO;F;800
2017;44;ASCOLI PICENO;M;603
2017;45;MASSA CARRARA;F;461
2017;45;MASSA CARRARA;M;363
2017;46;LUCCA;F;855
2017;46;LUCCA;M;600
2017;47;PISTOIA;F;597
2017;47;PISTOIA;M;465
2017;48;FIRENZE;F;2487
2017;48;FIRENZE;M;2038
2017;49;LIVORNO;F;634
2017;49;LIVORNO;M;504
2017;50;PISA;F;1150
2017;50;PISA;M;873
2017;51;AREZZO;F;900
2017;51;AREZZO;M;697
2017;52;SIENA;F;695
2017;52;SIENA;M;537
2017;53;GROSSETO;F;431
2017;53;GROSSETO;M;394
2017;54;PERUGIA;F;2047
2017;54;PERUGIA;M;1485
2017;55;TERNI;F;611
2017;55;TERNI;M;505
2017;56;VITERBO;F;828
2017;56;VITERBO;M;662
2017;57;RIETI;F;532
2017;57;RIETI;M;360
2017;58;ROMA;F;14535
2017;58;ROMA;M;11334
2017;59;LATINA;F;1779
2017;59;LATINA;M;1328
2017;60;FROSINONE;F;1691
2017;60;FROSINONE;M;1156
2017;61;CASERTA;F;3864
2017;61;CASERTA;M;2593
2017;62;BENEVENTO;F;1166
2017;62;BENEVENTO;M;814
2017;63;NAPOLI;F;11083
2017;63;NAPOLI;M;7956
2017;64;AVELLINO;F;1779
2017;64;AVELLINO;M;1291
2017;65;SALERNO;F;4115
2017;65;SALERNO;M;3084
2017;66;L'AQUILA;F;1188
2017;66;L'AQUILA;M;842
2017;67;TERAMO;F;1154
2017;67;TERAMO;M;760
2017;68;PESCARA;F;1146
2017;68;PESCARA;M;842
2017;69;CHIETI;F;1428
2017;69;CHIETI;M;950
2017;70;CAMPOBASSO;F;903
2017;70;CAMPOBASSO;M;639
2017;71;FOGGIA;F;2137
2017;71;FOGGIA;M;1503
2017;72;BARI;F;4265
2017;72;BARI;M;3216
2017;73;TARANTO;F;1801
2017;73;TARANTO;M;1321
2017;74;BRINDISI;F;1274
2017;74;BRINDISI;M;874
2017;75;LECCE;F;3032
2017;75;LECCE;M;2093
2017;76;POTENZA;F;1556
2017;76;POTENZA;M;1053
2017;77;MATERA;F;785
2017;77;MATERA;M;540
2017;78;COSENZA;F;2577
2017;78;COSENZA;M;1838
2017;79;CATANZARO;F;1399
2017;79;CATANZARO;M;999
2017;80;REGGIO CALABRIA;F;2191
2017;80;REGGIO CALABRIA;M;1521
2017;81;TRAPANI;F;1470
2017;81;TRAPANI;M;936
2017;82;PALERMO;F;3888
2017;82;PALERMO;M;2903
2017;83;MESSINA;F;2113
2017;83;MESSINA;M;1444
2017;84;AGRIGENTO;F;1571
2017;84;AGRIGENTO;M;1050
2017;85;CALTANISSETTA;F;1025
2017;85;CALTANISSETTA;M;679
2017;86;ENNA;F;631
2017;86;ENNA;M;372
2017;87;CATANIA;F;3271
2017;87;CATANIA;M;2360
2017;88;RAGUSA;F;944
2017;88;RAGUSA;M;688
2017;89;SIRACUSA;F;1172
2017;89;SIRACUSA;M;833
2017;90;SASSARI;F;1323
2017;90;SASSARI;M;893
2017;91;NUORO;F;711
2017;91;NUORO;M;411
2017;92;CAGLIARI;F;1328
2017;92;CAGLIARI;M;941
2017;93;PORDENONE;F;814
2017;93;PORDENONE;M;573
2017;94;ISERNIA;F;320
2017;94;ISERNIA;M;236
2017;95;ORISTANO;F;450
2017;95;ORISTANO;M;301
2017;96;BIELLA;F;399
2017;96;BIELLA;M;306
2017;97;LECCO;F;945
2017;97;LECCO;M;786
2017;98;LODI;F;605
2017;98;LODI;M;409
2017;99;RIMINI;F;941
2017;99;RIMINI;M;713
2017;100;PRATO;F;503
2017;100;PRATO;M;410
2017;101;CROTONE;F;679
2017;101;CROTONE;M;394
2017;102;VIBO VALENTIA;F;635
2017;102;VIBO VALENTIA;M;395
2017;103;VERBANO CUSIO OSSOLA;F;330
2017;103;VERBANO CUSIO OSSOLA;M;250
2017;108;MONZA E BRIANZA;F;2429
2017;108;MONZA E BRIANZA;M;1848
2017;109;FERMO;F;609
2017;109;FERMO;M;377
2017;110;BARLETTA - ANDRIA - TRANI;F;1319
2017;110;BARLETTA - ANDRIA - TRANI;M;902
2017;111;SUD SARDEGNA;F;905
2017;111;SUD SARDEGNA;M;497
2017;998;PROVINCIA ESTERA;F;2673
2017;998;PROVINCIA ESTERA;M;2401
2017;999;PROVINCIA NON DEFINITA;F;16
2017;999;PROVINCIA NON DEFINITA;M;9
2016;1;TORINO;F;5765
2016;1;TORINO;M;4705
2016;2;VERCELLI;F;387
2016;2;VERCELLI;M;321
2016;3;NOVARA;F;884
2016;3;NOVARA;M;576
2016;4;CUNEO;F;1324
2016;4;CUNEO;M;905
2016;5;ASTI;F;433
2016;5;ASTI;M;352
2016;6;ALESSANDRIA;F;943
2016;6;ALESSANDRIA;M;699
2016;7;AOSTA;F;328
2016;7;AOSTA;M;211
2016;8;IMPERIA;F;403
2016;8;IMPERIA;M;327
2016;9;SAVONA;F;627
2016;9;SAVONA;M;460
2016;10;GENOVA;F;2388
2016;10;GENOVA;M;1794
2016;11;LA SPEZIA;F;524
2016;11;LA SPEZIA;M;382
2016;12;VARESE;F;2288
2016;12;VARESE;M;1701
2016;13;COMO;F;1446
2016;13;COMO;M;1122
2016;14;SONDRIO;F;425
2016;14;SONDRIO;M;270
2016;15;MILANO;F;8393
2016;15;MILANO;M;6691
2016;16;BERGAMO;F;2932
2016;16;BERGAMO;M;2033
2016;17;BRESCIA;F;2901
2016;17;BRESCIA;M;2096
2016;18;PAVIA;F;1283
2016;18;PAVIA;M;1086
2016;19;CREMONA;F;929
2016;19;CREMONA;M;693
2016;20;MANTOVA;F;877
2016;20;MANTOVA;M;614
2016;21;BOLZANO;F;633
2016;21;BOLZANO;M;373
2016;22;TRENTO;F;1661
2016;22;TRENTO;M;1140
2016;23;VERONA;F;2411
2016;23;VERONA;M;1951
2016;24;VICENZA;F;2430
2016;24;VICENZA;M;1786
2016;25;BELLUNO;F;569
2016;25;BELLUNO;M;427
2016;26;TREVISO;F;2473
2016;26;TREVISO;M;1851
2016;27;VENEZIA;F;2116
2016;27;VENEZIA;M;1703
2016;28;PADOVA;F;2875
2016;28;PADOVA;M;2233
2016;29;ROVIGO;F;609
2016;29;ROVIGO;M;412
2016;30;UDINE;F;1391
2016;30;UDINE;M;1021
2016;31;GORIZIA;F;331
2016;31;GORIZIA;M;264
2016;32;TRIESTE;F;644
2016;32;TRIESTE;M;477
2016;33;PIACENZA;F;760
2016;33;PIACENZA;M;535
2016;34;PARMA;F;1182
2016;34;PARMA;M;923
2016;35;REGGIO EMILIA;F;1237
2016;35;REGGIO EMILIA;M;971
2016;36;MODENA;F;1729
2016;36;MODENA;M;1401
2016;37;BOLOGNA;F;2831
2016;37;BOLOGNA;M;2087
2016;38;FERRARA;F;778
2016;38;FERRARA;M;628
2016;39;RAVENNA;F;912
2016;39;RAVENNA;M;660
2016;40;FORLI'-CESENA;F;1084
2016;40;FORLI'-CESENA;M;740
2016;41;PESARO E URBINO;F;1100
2016;41;PESARO E URBINO;M;737
2016;42;ANCONA;F;1530
2016;42;ANCONA;M;1109
2016;43;MACERATA;F;1042
2016;43;MACERATA;M;745
2016;44;ASCOLI PICENO;F;776
2016;44;ASCOLI PICENO;M;601
2016;45;MASSA CARRARA;F;473
2016;45;MASSA CARRARA;M;330
2016;46;LUCCA;F;817
2016;46;LUCCA;M;648
2016;47;PISTOIA;F;571
2016;47;PISTOIA;M;437
2016;48;FIRENZE;F;2552
2016;48;FIRENZE;M;1978
2016;49;LIVORNO;F;687
2016;49;LIVORNO;M;494
2016;50;PISA;F;1095
2016;50;PISA;M;833
2016;51;AREZZO;F;910
2016;51;AREZZO;M;607
2016;52;SIENA;F;740
2016;52;SIENA;M;565
2016;53;GROSSETO;F;491
2016;53;GROSSETO;M;334
2016;54;PERUGIA;F;2114
2016;54;PERUGIA;M;1465
2016;55;TERNI;F;676
2016;55;TERNI;M;431
2016;56;VITERBO;F;919
2016;56;VITERBO;M;658
2016;57;RIETI;F;512
2016;57;RIETI;M;334
2016;58;ROMA;F;13849
2016;58;ROMA;M;10946
2016;59;LATINA;F;1729
2016;59;LATINA;M;1197
2016;60;FROSINONE;F;1747
2016;60;FROSINONE;M;1106
2016;61;CASERTA;F;3603
2016;61;CASERTA;M;2505
2016;62;BENEVENTO;F;1194
2016;62;BENEVENTO;M;800
2016;63;NAPOLI;F;10606
2016;63;NAPOLI;M;7475
2016;64;AVELLINO;F;1777
2016;64;AVELLINO;M;1241
2016;65;SALERNO;F;4083
2016;65;SALERNO;M;2926
2016;66;L'AQUILA;F;1252
2016;66;L'AQUILA;M;864
2016;67;TERAMO;F;1162
2016;67;TERAMO;M;777
2016;68;PESCARA;F;1198
2016;68;PESCARA;M;761
2016;69;CHIETI;F;1353
2016;69;CHIETI;M;926
2016;70;CAMPOBASSO;F;971
2016;70;CAMPOBASSO;M;619
2016;71;FOGGIA;F;2040
2016;71;FOGGIA;M;1515
2016;72;BARI;F;4069
2016;72;BARI;M;3165
2016;73;TARANTO;F;1894
2016;73;TARANTO;M;1245
2016;74;BRINDISI;F;1297
2016;74;BRINDISI;M;843
2016;75;LECCE;F;3114
2016;75;LECCE;M;2076
2016;76;POTENZA;F;1592
2016;76;POTENZA;M;999
2016;77;MATERA;F;800
2016;77;MATERA;M;538
2016;78;COSENZA;F;2623
2016;78;COSENZA;M;1701
2016;79;CATANZARO;F;1355
2016;79;CATANZARO;M;960
2016;80;REGGIO CALABRIA;F;2291
2016;80;REGGIO CALABRIA;M;1477
2016;81;TRAPANI;F;1376
2016;81;TRAPANI;M;983
2016;82;PALERMO;F;3916
2016;82;PALERMO;M;2803
2016;83;MESSINA;F;2317
2016;83;MESSINA;M;1583
2016;84;AGRIGENTO;F;1553
2016;84;AGRIGENTO;M;1034
2016;85;CALTANISSETTA;F;913
2016;85;CALTANISSETTA;M;651
2016;86;ENNA;F;605
2016;86;ENNA;M;401
2016;87;CATANIA;F;3322
2016;87;CATANIA;M;2257
2016;88;RAGUSA;F;988
2016;88;RAGUSA;M;653
2016;89;SIRACUSA;F;1167
2016;89;SIRACUSA;M;819
2016;90;SASSARI;F;1314
2016;90;SASSARI;M;822
2016;91;NUORO;F;734
2016;91;NUORO;M;392
2016;92;CAGLIARI;F;1329
2016;92;CAGLIARI;M;917
2016;93;PORDENONE;F;807
2016;93;PORDENONE;M;615
2016;94;ISERNIA;F;394
2016;94;ISERNIA;M;247
2016;95;ORISTANO;F;484
2016;95;ORISTANO;M;298
2016;96;BIELLA;F;417
2016;96;BIELLA;M;298
2016;97;LECCO;F;973
2016;97;LECCO;M;763
2016;98;LODI;F;555
2016;98;LODI;M;382
2016;99;RIMINI;F;923
2016;99;RIMINI;M;659
2016;100;PRATO;F;547
2016;100;PRATO;M;394
2016;101;CROTONE;F;596
2016;101;CROTONE;M;367
2016;102;VIBO VALENTIA;F;586
2016;102;VIBO VALENTIA;M;427
2016;103;VERBANO CUSIO OSSOLA;F;304
2016;103;VERBANO CUSIO OSSOLA;M;235
2016;108;MONZA E BRIANZA;F;2271
2016;108;MONZA E BRIANZA;M;1824
2016;109;FERMO;F;536
2016;109;FERMO;M;408
2016;110;BARLETTA - ANDRIA - TRANI;F;1280
2016;110;BARLETTA - ANDRIA - TRANI;M;889
2016;111;SUD SARDEGNA;F;898
2016;111;SUD SARDEGNA;M;479
2016;998;PROVINCIA ESTERA;F;2600
2016;998;PROVINCIA ESTERA;M;2241
2016;999;PROVINCIA NON DEFINITA;F;26
2016;999;PROVINCIA NON DEFINITA;M;24
2015;1;TORINO;F;5592
2015;1;TORINO;M;4576
2015;2;VERCELLI;F;395
2015;2;VERCELLI;M;306
2015;3;NOVARA;F;842
2015;3;NOVARA;M;569
2015;4;CUNEO;F;1372
2015;4;CUNEO;M;935
2015;5;ASTI;F;442
2015;5;ASTI;M;310
2015;6;ALESSANDRIA;F;928
2015;6;ALESSANDRIA;M;650
2015;7;AOSTA;F;337
2015;7;AOSTA;M;246
2015;8;IMPERIA;F;434
2015;8;IMPERIA;M;299
2015;9;SAVONA;F;587
2015;9;SAVONA;M;442
2015;10;GENOVA;F;2317
2015;10;GENOVA;M;1677
2015;11;LA SPEZIA;F;474
2015;11;LA SPEZIA;M;351
2015;12;VARESE;F;2298
2015;12;VARESE;M;1706
2015;13;COMO;F;1467
2015;13;COMO;M;1133
2015;14;SONDRIO;F;423
2015;14;SONDRIO;M;317
2015;15;MILANO;F;8240
2015;15;MILANO;M;6410
2015;16;BERGAMO;F;2833
2015;16;BERGAMO;M;1989
2015;17;BRESCIA;F;2937
2015;17;BRESCIA;M;2044
2015;18;PAVIA;F;1345
2015;18;PAVIA;M;1003
2015;19;CREMONA;F;944
2015;19;CREMONA;M;586
2015;20;MANTOVA;F;876
2015;20;MANTOVA;M;608
2015;21;BOLZANO;F;642
2015;21;BOLZANO;M;433
2015;22;TRENTO;F;1782
2015;22;TRENTO;M;1199
2015;23;VERONA;F;2455
2015;23;VERONA;M;1856
2015;24;VICENZA;F;2305
2015;24;VICENZA;M;1629
2015;25;BELLUNO;F;554
2015;25;BELLUNO;M;401
2015;26;TREVISO;F;2459
2015;26;TREVISO;M;1783
2015;27;VENEZIA;F;2094
2015;27;VENEZIA;M;1560
2015;28;PADOVA;F;2853
2015;28;PADOVA;M;2126
2015;29;ROVIGO;F;630
2015;29;ROVIGO;M;415
2015;30;UDINE;F;1416
2015;30;UDINE;M;964
2015;31;GORIZIA;F;303
2015;31;GORIZIA;M;219
2015;32;TRIESTE;F;615
2015;32;TRIESTE;M;521
2015;33;PIACENZA;F;754
2015;33;PIACENZA;M;546
2015;34;PARMA;F;1202
2015;34;PARMA;M;901
2015;35;REGGIO EMILIA;F;1156
2015;35;REGGIO EMILIA;M;836
2015;36;MODENA;F;1764
2015;36;MODENA;M;1387
2015;37;BOLOGNA;F;2741
2015;37;BOLOGNA;M;2079
2015;38;FERRARA;F;882
2015;38;FERRARA;M;640
2015;39;RAVENNA;F;965
2015;39;RAVENNA;M;608
2015;40;FORLI'-CESENA;F;1083
2015;40;FORLI'-CESENA;M;678
2015;41;PESARO E URBINO;F;1049
2015;41;PESARO E URBINO;M;714
2015;42;ANCONA;F;1583
2015;42;ANCONA;M;1165
2015;43;MACERATA;F;1031
2015;43;MACERATA;M;754
2015;44;ASCOLI PICENO;F;828
2015;44;ASCOLI PICENO;M;621
2015;45;MASSA CARRARA;F;416
2015;45;MASSA CARRARA;M;288
2015;46;LUCCA;F;843
2015;46;LUCCA;M;612
2015;47;PISTOIA;F;625
2015;47;PISTOIA;M;431
2015;48;FIRENZE;F;2429
2015;48;FIRENZE;M;1728
2015;49;LIVORNO;F;674
2015;49;LIVORNO;M;491
2015;50;PISA;F;1147
2015;50;PISA;M;854
2015;51;AREZZO;F;930
2015;51;AREZZO;M;626
2015;52;SIENA;F;663
2015;52;SIENA;M;484
2015;53;GROSSETO;F;474
2015;53;GROSSETO;M;365
2015;54;PERUGIA;F;1918
2015;54;PERUGIA;M;1492
2015;55;TERNI;F;618
2015;55;TERNI;M;416
2015;56;VITERBO;F;894
2015;56;VITERBO;M;705
2015;57;RIETI;F;532
2015;57;RIETI;M;320
2015;58;ROMA;F;13511
2015;58;ROMA;M;10328
2015;59;LATINA;F;1664
2015;59;LATINA;M;1214
2015;60;FROSINONE;F;1673
2015;60;FROSINONE;M;1202
2015;61;CASERTA;F;3556
2015;61;CASERTA;M;2367
2015;62;BENEVENTO;F;1189
2015;62;BENEVENTO;M;813
2015;63;NAPOLI;F;10401
2015;63;NAPOLI;M;7340
2015;64;AVELLINO;F;1715
2015;64;AVELLINO;M;1177
2015;65;SALERNO;F;4012
2015;65;SALERNO;M;2766
2015;66;L'AQUILA;F;1201
2015;66;L'AQUILA;M;877
2015;67;TERAMO;F;1162
2015;67;TERAMO;M;748
2015;68;PESCARA;F;1171
2015;68;PESCARA;M;794
2015;69;CHIETI;F;1380
2015;69;CHIETI;M;960
2015;70;CAMPOBASSO;F;846
2015;70;CAMPOBASSO;M;587
2015;71;FOGGIA;F;2111
2015;71;FOGGIA;M;1387
2015;72;BARI;F;4037
2015;72;BARI;M;2795
2015;73;TARANTO;F;1726
2015;73;TARANTO;M;1112
2015;74;BRINDISI;F;1264
2015;74;BRINDISI;M;830
2015;75;LECCE;F;3065
2015;75;LECCE;M;1856
2015;76;POTENZA;F;1550
2015;76;POTENZA;M;1038
2015;77;MATERA;F;770
2015;77;MATERA;M;535
2015;78;COSENZA;F;2608
2015;78;COSENZA;M;1660
2015;79;CATANZARO;F;1244
2015;79;CATANZARO;M;887
2015;80;REGGIO CALABRIA;F;2189
2015;80;REGGIO CALABRIA;M;1403
2015;81;TRAPANI;F;1390
2015;81;TRAPANI;M;933
2015;82;PALERMO;F;3976
2015;82;PALERMO;M;2840
2015;83;MESSINA;F;2291
2015;83;MESSINA;M;1397
2015;84;AGRIGENTO;F;1580
2015;84;AGRIGENTO;M;1022
2015;85;CALTANISSETTA;F;936
2015;85;CALTANISSETTA;M;625
2015;86;ENNA;F;648
2015;86;ENNA;M;389
2015;87;CATANIA;F;3291
2015;87;CATANIA;M;2250
2015;88;RAGUSA;F;943
2015;88;RAGUSA;M;682
2015;89;SIRACUSA;F;1160
2015;89;SIRACUSA;M;801
2015;90;SASSARI;F;1383
2015;90;SASSARI;M;853
2015;91;NUORO;F;702
2015;91;NUORO;M;399
2015;92;CAGLIARI;F;1289
2015;92;CAGLIARI;M;884
2015;93;PORDENONE;F;793
2015;93;PORDENONE;M;587
2015;94;ISERNIA;F;385
2015;94;ISERNIA;M;259
2015;95;ORISTANO;F;493
2015;95;ORISTANO;M;278
2015;96;BIELLA;F;401
2015;96;BIELLA;M;278
2015;97;LECCO;F;963
2015;97;LECCO;M;741
2015;98;LODI;F;584
2015;98;LODI;M;394
2015;99;RIMINI;F;920
2015;99;RIMINI;M;671
2015;100;PRATO;F;541
2015;100;PRATO;M;351
2015;101;CROTONE;F;585
2015;101;CROTONE;M;341
2015;102;VIBO VALENTIA;F;630
2015;102;VIBO VALENTIA;M;404
2015;103;VERBANO CUSIO OSSOLA;F;306
2015;103;VERBANO CUSIO OSSOLA;M;260
2015;108;MONZA E BRIANZA;F;2270
2015;108;MONZA E BRIANZA;M;1790
2015;109;FERMO;F;583
2015;109;FERMO;M;349
2015;110;BARLETTA - ANDRIA - TRANI;F;1160
2015;110;BARLETTA - ANDRIA - TRANI;M;833
2015;111;SUD SARDEGNA;F;901
2015;111;SUD SARDEGNA;M;447
2015;998;PROVINCIA ESTERA;F;2406
2015;998;PROVINCIA ESTERA;M;2290
2015;999;PROVINCIA NON DEFINITA;F;46
2015;999;PROVINCIA NON DEFINITA;M;38
2014;1;TORINO;F;5660
2014;1;TORINO;M;4578
2014;2;VERCELLI;F;381
2014;2;VERCELLI;M;250
2014;3;NOVARA;F;787
2014;3;NOVARA;M;587
2014;4;CUNEO;F;1427
2014;4;CUNEO;M;928
2014;5;ASTI;F;437
2014;5;ASTI;M;334
2014;6;ALESSANDRIA;F;960
2014;6;ALESSANDRIA;M;635
2014;7;AOSTA;F;377
2014;7;AOSTA;M;221
2014;8;IMPERIA;F;386
2014;8;IMPERIA;M;276
2014;9;SAVONA;F;624
2014;9;SAVONA;M;419
2014;10;GENOVA;F;2455
2014;10;GENOVA;M;1748
2014;11;LA SPEZIA;F;483
2014;11;LA SPEZIA;M;342
2014;12;VARESE;F;2222
2014;12;VARESE;M;1697
2014;13;COMO;F;1586
2014;13;COMO;M;1101
2014;14;SONDRIO;F;434
2014;14;SONDRIO;M;293
2014;15;MILANO;F;8667
2014;15;MILANO;M;6476
2014;16;BERGAMO;F;2874
2014;16;BERGAMO;M;2035
2014;17;BRESCIA;F;2926
2014;17;BRESCIA;M;1829
2014;18;PAVIA;F;1318
2014;18;PAVIA;M;981
2014;19;CREMONA;F;934
2014;19;CREMONA;M;635
2014;20;MANTOVA;F;871
2014;20;MANTOVA;M;626
2014;21;BOLZANO;F;796
2014;21;BOLZANO;M;454
2014;22;TRENTO;F;1777
2014;22;TRENTO;M;1183
2014;23;VERONA;F;2597
2014;23;VERONA;M;1829
2014;24;VICENZA;F;2469
2014;24;VICENZA;M;1769
2014;25;BELLUNO;F;631
2014;25;BELLUNO;M;383
2014;26;TREVISO;F;2518
2014;26;TREVISO;M;1698
2014;27;VENEZIA;F;2264
2014;27;VENEZIA;M;1549
2014;28;PADOVA;F;2982
2014;28;PADOVA;M;2134
2014;29;ROVIGO;F;655
2014;29;ROVIGO;M;453
2014;30;UDINE;F;1449
2014;30;UDINE;M;968
2014;31;GORIZIA;F;346
2014;31;GORIZIA;M;236
2014;32;TRIESTE;F;606
2014;32;TRIESTE;M;497
2014;33;PIACENZA;F;773
2014;33;PIACENZA;M;537
2014;34;PARMA;F;1244
2014;34;PARMA;M;938
2014;35;REGGIO EMILIA;F;1266
2014;35;REGGIO EMILIA;M;887
2014;36;MODENA;F;1768
2014;36;MODENA;M;1458
2014;37;BOLOGNA;F;2851
2014;37;BOLOGNA;M;2001
2014;38;FERRARA;F;922
2014;38;FERRARA;M;630
2014;39;RAVENNA;F;875
2014;39;RAVENNA;M;543
2014;40;FORLI'-CESENA;F;1089
2014;40;FORLI'-CESENA;M;732
2014;41;PESARO E URBINO;F;1113
2014;41;PESARO E URBINO;M;758
2014;42;ANCONA;F;1495
2014;42;ANCONA;M;1096
2014;43;MACERATA;F;1143
2014;43;MACERATA;M;633
2014;44;ASCOLI PICENO;F;842
2014;44;ASCOLI PICENO;M;582
2014;45;MASSA CARRARA;F;434
2014;45;MASSA CARRARA;M;311
2014;46;LUCCA;F;845
2014;46;LUCCA;M;571
2014;47;PISTOIA;F;622
2014;47;PISTOIA;M;423
2014;48;FIRENZE;F;2611
2014;48;FIRENZE;M;1814
2014;49;LIVORNO;F;697
2014;49;LIVORNO;M;462
2014;50;PISA;F;1089
2014;50;PISA;M;817
2014;51;AREZZO;F;952
2014;51;AREZZO;M;622
2014;52;SIENA;F;666
2014;52;SIENA;M;470
2014;53;GROSSETO;F;430
2014;53;GROSSETO;M;327
2014;54;PERUGIA;F;2051
2014;54;PERUGIA;M;1370
2014;55;TERNI;F;590
2014;55;TERNI;M;448
2014;56;VITERBO;F;942
2014;56;VITERBO;M;674
2014;57;RIETI;F;598
2014;57;RIETI;M;346
2014;58;ROMA;F;13775
2014;58;ROMA;M;10323
2014;59;LATINA;F;1810
2014;59;LATINA;M;1236
2014;60;FROSINONE;F;1843
2014;60;FROSINONE;M;1086
2014;61;CASERTA;F;3662
2014;61;CASERTA;M;2248
2014;62;BENEVENTO;F;1147
2014;62;BENEVENTO;M;749
2014;63;NAPOLI;F;10511
2014;63;NAPOLI;M;7343
2014;64;AVELLINO;F;1813
2014;64;AVELLINO;M;1170
2014;65;SALERNO;F;4107
2014;65;SALERNO;M;2763
2014;66;L'AQUILA;F;1203
2014;66;L'AQUILA;M;821
2014;67;TERAMO;F;1143
2014;67;TERAMO;M;699
2014;68;PESCARA;F;1153
2014;68;PESCARA;M;806
2014;69;CHIETI;F;1339
2014;69;CHIETI;M;935
2014;70;CAMPOBASSO;F;951
2014;70;CAMPOBASSO;M;599
2014;71;FOGGIA;F;2091
2014;71;FOGGIA;M;1451
2014;72;BARI;F;4199
2014;72;BARI;M;2870
2014;73;TARANTO;F;1941
2014;73;TARANTO;M;1227
2014;74;BRINDISI;F;1360
2014;74;BRINDISI;M;776
2014;75;LECCE;F;3082
2014;75;LECCE;M;1934
2014;76;POTENZA;F;1625
2014;76;POTENZA;M;1009
2014;77;MATERA;F;800
2014;77;MATERA;M;531
2014;78;COSENZA;F;2764
2014;78;COSENZA;M;1716
2014;79;CATANZARO;F;1407
2014;79;CATANZARO;M;895
2014;80;REGGIO CALABRIA;F;2209
2014;80;REGGIO CALABRIA;M;1532
2014;81;TRAPANI;F;1359
2014;81;TRAPANI;M;851
2014;82;PALERMO;F;3899
2014;82;PALERMO;M;2686
2014;83;MESSINA;F;2193
2014;83;MESSINA;M;1415
2014;84;AGRIGENTO;F;1526
2014;84;AGRIGENTO;M;1032
2014;85;CALTANISSETTA;F;990
2014;85;CALTANISSETTA;M;661
2014;86;ENNA;F;638
2014;86;ENNA;M;417
2014;87;CATANIA;F;3274
2014;87;CATANIA;M;2119
2014;88;RAGUSA;F;903
2014;88;RAGUSA;M;589
2014;89;SIRACUSA;F;1134
2014;89;SIRACUSA;M;838
2014;90;SASSARI;F;1448
2014;90;SASSARI;M;838
2014;91;NUORO;F;733
2014;91;NUORO;M;383
2014;92;CAGLIARI;F;1282
2014;92;CAGLIARI;M;967
2014;93;PORDENONE;F;870
2014;93;PORDENONE;M;556
2014;94;ISERNIA;F;376
2014;94;ISERNIA;M;239
2014;95;ORISTANO;F;443
2014;95;ORISTANO;M;274
2014;96;BIELLA;F;390
2014;96;BIELLA;M;306
2014;97;LECCO;F;989
2014;97;LECCO;M;748
2014;98;LODI;F;556
2014;98;LODI;M;392
2014;99;RIMINI;F;955
2014;99;RIMINI;M;663
2014;100;PRATO;F;514
2014;100;PRATO;M;399
2014;101;CROTONE;F;621
2014;101;CROTONE;M;340
2014;102;VIBO VALENTIA;F;619
2014;102;VIBO VALENTIA;M;399
2014;103;VERBANO CUSIO OSSOLA;F;328
2014;103;VERBANO CUSIO OSSOLA;M;199
2014;108;MONZA E BRIANZA;F;2299
2014;108;MONZA E BRIANZA;M;1752
2014;109;FERMO;F;566
2014;109;FERMO;M;398
2014;110;BARLETTA - ANDRIA - TRANI;F;1145
2014;110;BARLETTA - ANDRIA - TRANI;M;790
2014;111;SUD SARDEGNA;F;905
2014;111;SUD SARDEGNA;M;501
2014;998;PROVINCIA ESTERA;F;2372
2014;998;PROVINCIA ESTERA;M;1908
2014;999;PROVINCIA NON DEFINITA;F;25
2014;999;PROVINCIA NON DEFINITA;M;28
2013;1;TORINO;F;5653
2013;1;TORINO;M;4597
2013;2;VERCELLI;F;413
2013;2;VERCELLI;M;300
2013;3;NOVARA;F;828
2013;3;NOVARA;M;577
2013;4;CUNEO;F;1430
2013;4;CUNEO;M;935
2013;5;ASTI;F;456
2013;5;ASTI;M;327
2013;6;ALESSANDRIA;F;871
2013;6;ALESSANDRIA;M;637
2013;7;AOSTA;F;349
2013;7;AOSTA;M;231
2013;8;IMPERIA;F;428
2013;8;IMPERIA;M;295
2013;9;SAVONA;F;637
2013;9;SAVONA;M;432
2013;10;GENOVA;F;2431
2013;10;GENOVA;M;1727
2013;11;LA SPEZIA;F;477
2013;11;LA SPEZIA;M;380
2013;12;VARESE;F;2368
2013;12;VARESE;M;1680
2013;13;COMO;F;1558
2013;13;COMO;M;1156
2013;14;SONDRIO;F;434
2013;14;SONDRIO;M;296
2013;15;MILANO;F;8456
2013;15;MILANO;M;6368
2013;16;BERGAMO;F;2792
2013;16;BERGAMO;M;1899
2013;17;BRESCIA;F;2779
2013;17;BRESCIA;M;1918
2013;18;PAVIA;F;1409
2013;18;PAVIA;M;1019
2013;19;CREMONA;F;858
2013;19;CREMONA;M;620
2013;20;MANTOVA;F;828
2013;20;MANTOVA;M;561
2013;21;BOLZANO;F;895
2013;21;BOLZANO;M;445
2013;22;TRENTO;F;1830
2013;22;TRENTO;M;1279
2013;23;VERONA;F;2481
2013;23;VERONA;M;1836
2013;24;VICENZA;F;2401
2013;24;VICENZA;M;1636
2013;25;BELLUNO;F;595
2013;25;BELLUNO;M;401
2013;26;TREVISO;F;2532
2013;26;TREVISO;M;1752
2013;27;VENEZIA;F;2221
2013;27;VENEZIA;M;1602
2013;28;PADOVA;F;3115
2013;28;PADOVA;M;2168
2013;29;ROVIGO;F;679
2013;29;ROVIGO;M;416
2013;30;UDINE;F;1465
2013;30;UDINE;M;952
2013;31;GORIZIA;F;334
2013;31;GORIZIA;M;242
2013;32;TRIESTE;F;633
2013;32;TRIESTE;M;494
2013;33;PIACENZA;F;767
2013;33;PIACENZA;M;500
2013;34;PARMA;F;1198
2013;34;PARMA;M;874
2013;35;REGGIO EMILIA;F;1178
2013;35;REGGIO EMILIA;M;812
2013;36;MODENA;F;1705
2013;36;MODENA;M;1341
2013;37;BOLOGNA;F;2824
2013;37;BOLOGNA;M;2025
2013;38;FERRARA;F;905
2013;38;FERRARA;M;593
2013;39;RAVENNA;F;928
2013;39;RAVENNA;M;649
2013;40;FORLI'-CESENA;F;1025
2013;40;FORLI'-CESENA;M;713
2013;41;PESARO E URBINO;F;1186
2013;41;PESARO E URBINO;M;736
2013;42;ANCONA;F;1537
2013;42;ANCONA;M;1074
2013;43;MACERATA;F;1052
2013;43;MACERATA;M;680
2013;44;ASCOLI PICENO;F;835
2013;44;ASCOLI PICENO;M;564
2013;45;MASSA CARRARA;F;459
2013;45;MASSA CARRARA;M;308
2013;46;LUCCA;F;778
2013;46;LUCCA;M;588
2013;47;PISTOIA;F;606
2013;47;PISTOIA;M;453
2013;48;FIRENZE;F;2640
2013;48;FIRENZE;M;1895
2013;49;LIVORNO;F;694
2013;49;LIVORNO;M;501
2013;50;PISA;F;1113
2013;50;PISA;M;849
2013;51;AREZZO;F;975
2013;51;AREZZO;M;605
2013;52;SIENA;F;807
2013;52;SIENA;M;533
2013;53;GROSSETO;F;481
2013;53;GROSSETO;M;320
2013;54;PERUGIA;F;1960
2013;54;PERUGIA;M;1377
2013;55;TERNI;F;661
2013;55;TERNI;M;435
2013;56;VITERBO;F;969
2013;56;VITERBO;M;608
2013;57;RIETI;F;523
2013;57;RIETI;M;329
2013;58;ROMA;F;13890
2013;58;ROMA;M;10334
2013;59;LATINA;F;1866
2013;59;LATINA;M;1245
2013;60;FROSINONE;F;1860
2013;60;FROSINONE;M;1123
2013;61;CASERTA;F;3524
2013;61;CASERTA;M;2254
2013;62;BENEVENTO;F;1188
2013;62;BENEVENTO;M;763
2013;63;NAPOLI;F;10425
2013;63;NAPOLI;M;7254
2013;64;AVELLINO;F;1703
2013;64;AVELLINO;M;1154
2013;65;SALERNO;F;3799
2013;65;SALERNO;M;2671
2013;66;L'AQUILA;F;1236
2013;66;L'AQUILA;M;837
2013;67;TERAMO;F;1184
2013;67;TERAMO;M;646
2013;68;PESCARA;F;1187
2013;68;PESCARA;M;763
2013;69;CHIETI;F;1345
2013;69;CHIETI;M;925
2013;70;CAMPOBASSO;F;924
2013;70;CAMPOBASSO;M;545
2013;71;FOGGIA;F;2155
2013;71;FOGGIA;M;1421
2013;72;BARI;F;4220
2013;72;BARI;M;3087
2013;73;TARANTO;F;1850
2013;73;TARANTO;M;1161
2013;74;BRINDISI;F;1367
2013;74;BRINDISI;M;782
2013;75;LECCE;F;3138
2013;75;LECCE;M;1993
2013;76;POTENZA;F;1658
2013;76;POTENZA;M;1078
2013;77;MATERA;F;805
2013;77;MATERA;M;532
2013;78;COSENZA;F;2668
2013;78;COSENZA;M;1708
2013;79;CATANZARO;F;1327
2013;79;CATANZARO;M;963
2013;80;REGGIO CALABRIA;F;2194
2013;80;REGGIO CALABRIA;M;1502
2013;81;TRAPANI;F;1407
2013;81;TRAPANI;M;891
2013;82;PALERMO;F;4033
2013;82;PALERMO;M;2967
2013;83;MESSINA;F;2363
2013;83;MESSINA;M;1478
2013;84;AGRIGENTO;F;1651
2013;84;AGRIGENTO;M;1075
2013;85;CALTANISSETTA;F;935
2013;85;CALTANISSETTA;M;640
2013;86;ENNA;F;662
2013;86;ENNA;M;435
2013;87;CATANIA;F;3256
2013;87;CATANIA;M;2061
2013;88;RAGUSA;F;960
2013;88;RAGUSA;M;649
2013;89;SIRACUSA;F;1181
2013;89;SIRACUSA;M;777
2013;90;SASSARI;F;1387
2013;90;SASSARI;M;825
2013;91;NUORO;F;774
2013;91;NUORO;M;414
2013;92;CAGLIARI;F;1378
2013;92;CAGLIARI;M;943
2013;93;PORDENONE;F;825
2013;93;PORDENONE;M;552
2013;94;ISERNIA;F;404
2013;94;ISERNIA;M;222
2013;95;ORISTANO;F;512
2013;95;ORISTANO;M;267
2013;96;BIELLA;F;431
2013;96;BIELLA;M;280
2013;97;LECCO;F;948
2013;97;LECCO;M;688
2013;98;LODI;F;563
2013;98;LODI;M;394
2013;99;RIMINI;F;934
2013;99;RIMINI;M;637
2013;100;PRATO;F;561
2013;100;PRATO;M;352
2013;101;CROTONE;F;602
2013;101;CROTONE;M;387
2013;102;VIBO VALENTIA;F;608
2013;102;VIBO VALENTIA;M;376
2013;103;VERBANO CUSIO OSSOLA;F;338
2013;103;VERBANO CUSIO OSSOLA;M;241
2013;108;MONZA E BRIANZA;F;2317
2013;108;MONZA E BRIANZA;M;1647
2013;109;FERMO;F;595
2013;109;FERMO;M;364
2013;110;BARLETTA - ANDRIA - TRANI;F;1209
2013;110;BARLETTA - ANDRIA - TRANI;M;821
2013;111;SUD SARDEGNA;F;982
2013;111;SUD SARDEGNA;M;514
2013;998;PROVINCIA ESTERA;F;2186
2013;998;PROVINCIA ESTERA;M;1796
2013;999;PROVINCIA NON DEFINITA;F;40
2013;999;PROVINCIA NON DEFINITA;M;27
2012;1;TORINO;F;5672
2012;1;TORINO;M;4263
2012;2;VERCELLI;F;389
2012;2;VERCELLI;M;271
2012;3;NOVARA;F;819
2012;3;NOVARA;M;546
2012;4;CUNEO;F;1402
2012;4;CUNEO;M;959
2012;5;ASTI;F;423
2012;5;ASTI;M;317
2012;6;ALESSANDRIA;F;878
2012;6;ALESSANDRIA;M;656
2012;7;AOSTA;F;337
2012;7;AOSTA;M;238
2012;8;IMPERIA;F;425
2012;8;IMPERIA;M;259
2012;9;SAVONA;F;590
2012;9;SAVONA;M;417
2012;10;GENOVA;F;2438
2012;10;GENOVA;M;1698
2012;11;LA SPEZIA;F;496
2012;11;LA SPEZIA;M;361
2012;12;VARESE;F;2239
2012;12;VARESE;M;1652
2012;13;COMO;F;1544
2012;13;COMO;M;1146
2012;14;SONDRIO;F;417
2012;14;SONDRIO;M;292
2012;15;MILANO;F;8321
2012;15;MILANO;M;6127
2012;16;BERGAMO;F;2645
2012;16;BERGAMO;M;1788
2012;17;BRESCIA;F;2818
2012;17;BRESCIA;M;1929
2012;18;PAVIA;F;1301
2012;18;PAVIA;M;922
2012;19;CREMONA;F;877
2012;19;CREMONA;M;562
2012;20;MANTOVA;F;880
2012;20;MANTOVA;M;586
2012;21;BOLZANO;F;864
2012;21;BOLZANO;M;469
2012;22;TRENTO;F;1783
2012;22;TRENTO;M;1156
2012;23;VERONA;F;2411
2012;23;VERONA;M;1765
2012;24;VICENZA;F;2374
2012;24;VICENZA;M;1700
2012;25;BELLUNO;F;564
2012;25;BELLUNO;M;411
2012;26;TREVISO;F;2338
2012;26;TREVISO;M;1717
2012;27;VENEZIA;F;2168
2012;27;VENEZIA;M;1632
2012;28;PADOVA;F;2917
2012;28;PADOVA;M;2111
2012;29;ROVIGO;F;653
2012;29;ROVIGO;M;441
2012;30;UDINE;F;1469
2012;30;UDINE;M;969
2012;31;GORIZIA;F;301
2012;31;GORIZIA;M;232
2012;32;TRIESTE;F;704
2012;32;TRIESTE;M;525
2012;33;PIACENZA;F;698
2012;33;PIACENZA;M;515
2012;34;PARMA;F;1161
2012;34;PARMA;M;878
2012;35;REGGIO EMILIA;F;1110
2012;35;REGGIO EMILIA;M;785
2012;36;MODENA;F;1570
2012;36;MODENA;M;1331
2012;37;BOLOGNA;F;2808
2012;37;BOLOGNA;M;1924
2012;38;FERRARA;F;847
2012;38;FERRARA;M;644
2012;39;RAVENNA;F;893
2012;39;RAVENNA;M;611
2012;40;FORLI'-CESENA;F;1016
2012;40;FORLI'-CESENA;M;703
2012;41;PESARO E URBINO;F;1051
2012;41;PESARO E URBINO;M;737
2012;42;ANCONA;F;1497
2012;42;ANCONA;M;1074
2012;43;MACERATA;F;1138
2012;43;MACERATA;M;757
2012;44;ASCOLI PICENO;F;846
2012;44;ASCOLI PICENO;M;637
2012;45;MASSA CARRARA;F;437
2012;45;MASSA CARRARA;M;358
2012;46;LUCCA;F;793
2012;46;LUCCA;M;552
2012;47;PISTOIA;F;636
2012;47;PISTOIA;M;421
2012;48;FIRENZE;F;2588
2012;48;FIRENZE;M;1911
2012;49;LIVORNO;F;713
2012;49;LIVORNO;M;493
2012;50;PISA;F;1084
2012;50;PISA;M;884
2012;51;AREZZO;F;988
2012;51;AREZZO;M;620
2012;52;SIENA;F;718
2012;52;SIENA;M;495
2012;53;GROSSETO;F;482
2012;53;GROSSETO;M;372
2012;54;PERUGIA;F;1963
2012;54;PERUGIA;M;1324
2012;55;TERNI;F;620
2012;55;TERNI;M;383
2012;56;VITERBO;F;959
2012;56;VITERBO;M;693
2012;57;RIETI;F;547
2012;57;RIETI;M;318
2012;58;ROMA;F;13664
2012;58;ROMA;M;9777
2012;59;LATINA;F;1797
2012;59;LATINA;M;1281
2012;60;FROSINONE;F;1768
2012;60;FROSINONE;M;1169
2012;61;CASERTA;F;3438
2012;61;CASERTA;M;2242
2012;62;BENEVENTO;F;1197
2012;62;BENEVENTO;M;746
2012;63;NAPOLI;F;10305
2012;63;NAPOLI;M;7097
2012;64;AVELLINO;F;1675
2012;64;AVELLINO;M;1171
2012;65;SALERNO;F;3808
2012;65;SALERNO;M;2592
2012;66;L'AQUILA;F;1190
2012;66;L'AQUILA;M;740
2012;67;TERAMO;F;1084
2012;67;TERAMO;M;703
2012;68;PESCARA;F;1062
2012;68;PESCARA;M;695
2012;69;CHIETI;F;1395
2012;69;CHIETI;M;945
2012;70;CAMPOBASSO;F;935
2012;70;CAMPOBASSO;M;584
2012;71;FOGGIA;F;2116
2012;71;FOGGIA;M;1453
2012;72;BARI;F;4244
2012;72;BARI;M;2829
2012;73;TARANTO;F;1768
2012;73;TARANTO;M;1207
2012;74;BRINDISI;F;1384
2012;74;BRINDISI;M;835
2012;75;LECCE;F;3150
2012;75;LECCE;M;1907
2012;76;POTENZA;F;1536
2012;76;POTENZA;M;994
2012;77;MATERA;F;788
2012;77;MATERA;M;530
2012;78;COSENZA;F;2735
2012;78;COSENZA;M;1721
2012;79;CATANZARO;F;1521
2012;79;CATANZARO;M;951
2012;80;REGGIO CALABRIA;F;2098
2012;80;REGGIO CALABRIA;M;1480
2012;81;TRAPANI;F;1315
2012;81;TRAPANI;M;874
2012;82;PALERMO;F;3830
2012;82;PALERMO;M;2648
2012;83;MESSINA;F;2338
2012;83;MESSINA;M;1502
2012;84;AGRIGENTO;F;1441
2012;84;AGRIGENTO;M;951
2012;85;CALTANISSETTA;F;946
2012;85;CALTANISSETTA;M;597
2012;86;ENNA;F;689
2012;86;ENNA;M;435
2012;87;CATANIA;F;3420
2012;87;CATANIA;M;2293
2012;88;RAGUSA;F;923
2012;88;RAGUSA;M;620
2012;89;SIRACUSA;F;1190
2012;89;SIRACUSA;M;795
2012;90;SASSARI;F;1479
2012;90;SASSARI;M;860
2012;91;NUORO;F;742
2012;91;NUORO;M;423
2012;92;CAGLIARI;F;1625
2012;92;CAGLIARI;M;1023
2012;93;PORDENONE;F;809
2012;93;PORDENONE;M;543
2012;94;ISERNIA;F;413
2012;94;ISERNIA;M;278
2012;95;ORISTANO;F;554
2012;95;ORISTANO;M;313
2012;96;BIELLA;F;355
2012;96;BIELLA;M;270
2012;97;LECCO;F;919
2012;97;LECCO;M;694
2012;98;LODI;F;543
2012;98;LODI;M;376
2012;99;RIMINI;F;833
2012;99;RIMINI;M;587
2012;100;PRATO;F;520
2012;100;PRATO;M;375
2012;101;CROTONE;F;602
2012;101;CROTONE;M;363
2012;102;VIBO VALENTIA;F;613
2012;102;VIBO VALENTIA;M;426
2012;103;VERBANO CUSIO OSSOLA;F;336
2012;103;VERBANO CUSIO OSSOLA;M;241
2012;108;MONZA E BRIANZA;F;2289
2012;108;MONZA E BRIANZA;M;1718
2012;109;FERMO;F;615
2012;109;FERMO;M;411
2012;110;BARLETTA - ANDRIA - TRANI;F;1234
2012;110;BARLETTA - ANDRIA - TRANI;M;835
2012;111;SUD SARDEGNA;F;1102
2012;111;SUD SARDEGNA;M;516
2012;998;PROVINCIA ESTERA;F;2013
2012;998;PROVINCIA ESTERA;M;1630
2012;999;PROVINCIA NON DEFINITA;F;56
2012;999;PROVINCIA NON DEFINITA;M;31
2011;1;TORINO;F;5638
2011;1;TORINO;M;4412
2011;2;VERCELLI;F;393
2011;2;VERCELLI;M;243
2011;3;NOVARA;F;842
2011;3;NOVARA;M;579
2011;4;CUNEO;F;1419
2011;4;CUNEO;M;968
2011;5;ASTI;F;447
2011;5;ASTI;M;337
2011;6;ALESSANDRIA;F;857
2011;6;ALESSANDRIA;M;626
2011;7;AOSTA;F;321
2011;7;AOSTA;M;206
2011;8;IMPERIA;F;354
2011;8;IMPERIA;M;315
2011;9;SAVONA;F;635
2011;9;SAVONA;M;475
2011;10;GENOVA;F;2175
2011;10;GENOVA;M;1693
2011;11;LA SPEZIA;F;466
2011;11;LA SPEZIA;M;357
2011;12;VARESE;F;2125
2011;12;VARESE;M;1568
2011;13;COMO;F;1492
2011;13;COMO;M;1119
2011;14;SONDRIO;F;458
2011;14;SONDRIO;M;300
2011;15;MILANO;F;8106
2011;15;MILANO;M;6191
2011;16;BERGAMO;F;2677
2011;16;BERGAMO;M;1801
2011;17;BRESCIA;F;2805
2011;17;BRESCIA;M;1821
2011;18;PAVIA;F;1350
2011;18;PAVIA;M;928
2011;19;CREMONA;F;816
2011;19;CREMONA;M;641
2011;20;MANTOVA;F;803
2011;20;MANTOVA;M;628
2011;21;BOLZANO;F;922
2011;21;BOLZANO;M;440
2011;22;TRENTO;F;1777
2011;22;TRENTO;M;1159
2011;23;VERONA;F;2359
2011;23;VERONA;M;1725
2011;24;VICENZA;F;2194
2011;24;VICENZA;M;1532
2011;25;BELLUNO;F;535
2011;25;BELLUNO;M;396
2011;26;TREVISO;F;2257
2011;26;TREVISO;M;1581
2011;27;VENEZIA;F;2020
2011;27;VENEZIA;M;1551
2011;28;PADOVA;F;2663
2011;28;PADOVA;M;2049
2011;29;ROVIGO;F;636
2011;29;ROVIGO;M;459
2011;30;UDINE;F;1469
2011;30;UDINE;M;1007
2011;31;GORIZIA;F;335
2011;31;GORIZIA;M;220
2011;32;TRIESTE;F;633
2011;32;TRIESTE;M;487
2011;33;PIACENZA;F;733
2011;33;PIACENZA;M;523
2011;34;PARMA;F;1061
2011;34;PARMA;M;829
2011;35;REGGIO EMILIA;F;1138
2011;35;REGGIO EMILIA;M;755
2011;36;MODENA;F;1640
2011;36;MODENA;M;1272
2011;37;BOLOGNA;F;2719
2011;37;BOLOGNA;M;1904
2011;38;FERRARA;F;784
2011;38;FERRARA;M;632
2011;39;RAVENNA;F;923
2011;39;RAVENNA;M;584
2011;40;FORLI'-CESENA;F;1049
2011;40;FORLI'-CESENA;M;667
2011;41;PESARO E URBINO;F;1121
2011;41;PESARO E URBINO;M;714
2011;42;ANCONA;F;1541
2011;42;ANCONA;M;982
2011;43;MACERATA;F;1049
2011;43;MACERATA;M;630
2011;44;ASCOLI PICENO;F;818
2011;44;ASCOLI PICENO;M;515
2011;45;MASSA CARRARA;F;459
2011;45;MASSA CARRARA;M;332
2011;46;LUCCA;F;777
2011;46;LUCCA;M;621
2011;47;PISTOIA;F;642
2011;47;PISTOIA;M;446
2011;48;FIRENZE;F;2508
2011;48;FIRENZE;M;1940
2011;49;LIVORNO;F;679
2011;49;LIVORNO;M;568
2011;50;PISA;F;1146
2011;50;PISA;M;867
2011;51;AREZZO;F;1013
2011;51;AREZZO;M;630
2011;52;SIENA;F;734
2011;52;SIENA;M;522
2011;53;GROSSETO;F;494
2011;53;GROSSETO;M;363
2011;54;PERUGIA;F;2045
2011;54;PERUGIA;M;1316
2011;55;TERNI;F;653
2011;55;TERNI;M;468
2011;56;VITERBO;F;1014
2011;56;VITERBO;M;688
2011;57;RIETI;F;497
2011;57;RIETI;M;319
2011;58;ROMA;F;13322
2011;58;ROMA;M;10037
2011;59;LATINA;F;1790
2011;59;LATINA;M;1185
2011;60;FROSINONE;F;1852
2011;60;FROSINONE;M;1127
2011;61;CASERTA;F;3260
2011;61;CASERTA;M;2113
2011;62;BENEVENTO;F;1125
2011;62;BENEVENTO;M;703
2011;63;NAPOLI;F;9639
2011;63;NAPOLI;M;6826
2011;64;AVELLINO;F;1691
2011;64;AVELLINO;M;1133
2011;65;SALERNO;F;3708
2011;65;SALERNO;M;2619
2011;66;L'AQUILA;F;1242
2011;66;L'AQUILA;M;859
2011;67;TERAMO;F;1075
2011;67;TERAMO;M;649
2011;68;PESCARA;F;1087
2011;68;PESCARA;M;751
2011;69;CHIETI;F;1382
2011;69;CHIETI;M;945
2011;70;CAMPOBASSO;F;1103
2011;70;CAMPOBASSO;M;653
2011;71;FOGGIA;F;2267
2011;71;FOGGIA;M;1496
2011;72;BARI;F;4021
2011;72;BARI;M;2809
2011;73;TARANTO;F;1897
2011;73;TARANTO;M;1175
2011;74;BRINDISI;F;1343
2011;74;BRINDISI;M;781
2011;75;LECCE;F;3245
2011;75;LECCE;M;2012
2011;76;POTENZA;F;1516
2011;76;POTENZA;M;1046
2011;77;MATERA;F;771
2011;77;MATERA;M;541
2011;78;COSENZA;F;2728
2011;78;COSENZA;M;1722
2011;79;CATANZARO;F;1474
2011;79;CATANZARO;M;1015
2011;80;REGGIO CALABRIA;F;2146
2011;80;REGGIO CALABRIA;M;1406
2011;81;TRAPANI;F;1252
2011;81;TRAPANI;M;854
2011;82;PALERMO;F;3414
2011;82;PALERMO;M;2403
2011;83;MESSINA;F;2275
2011;83;MESSINA;M;1549
2011;84;AGRIGENTO;F;1330
2011;84;AGRIGENTO;M;891
2011;85;CALTANISSETTA;F;905
2011;85;CALTANISSETTA;M;545
2011;86;ENNA;F;669
2011;86;ENNA;M;453
2011;87;CATANIA;F;3015
2011;87;CATANIA;M;2007
2011;88;RAGUSA;F;906
2011;88;RAGUSA;M;549
2011;89;SIRACUSA;F;1181
2011;89;SIRACUSA;M;826
2011;90;SASSARI;F;1550
2011;90;SASSARI;M;837
2011;91;NUORO;F;791
2011;91;NUORO;M;400
2011;92;CAGLIARI;F;1538
2011;92;CAGLIARI;M;984
2011;93;PORDENONE;F;765
2011;93;PORDENONE;M;557
2011;94;ISERNIA;F;452
2011;94;ISERNIA;M;266
2011;95;ORISTANO;F;556
2011;95;ORISTANO;M;267
2011;96;BIELLA;F;372
2011;96;BIELLA;M;295
2011;97;LECCO;F;897
2011;97;LECCO;M;671
2011;98;LODI;F;543
2011;98;LODI;M;335
2011;99;RIMINI;F;877
2011;99;RIMINI;M;610
2011;100;PRATO;F;528
2011;100;PRATO;M;379
2011;101;CROTONE;F;608
2011;101;CROTONE;M;394
2011;102;VIBO VALENTIA;F;641
2011;102;VIBO VALENTIA;M;386
2011;103;VERBANO CUSIO OSSOLA;F;314
2011;103;VERBANO CUSIO OSSOLA;M;220
2011;108;MONZA E BRIANZA;F;2205
2011;108;MONZA E BRIANZA;M;1713
2011;109;FERMO;F;670
2011;109;FERMO;M;388
2011;110;BARLETTA - ANDRIA - TRANI;F;1082
2011;110;BARLETTA - ANDRIA - TRANI;M;736
2011;111;SUD SARDEGNA;F;1031
2011;111;SUD SARDEGNA;M;550
2011;998;PROVINCIA ESTERA;F;1710
2011;998;PROVINCIA ESTERA;M;1402
2011;999;PROVINCIA NON DEFINITA;F;47
2011;999;PROVINCIA NON DEFINITA;M;27
2010;1;TORINO;F;5680
2010;1;TORINO;M;4352
2010;2;VERCELLI;F;422
2010;2;VERCELLI;M;297
2010;3;NOVARA;F;814
2010;3;NOVARA;M;566
2010;4;CUNEO;F;1382
2010;4;CUNEO;M;984
2010;5;ASTI;F;482
2010;5;ASTI;M;311
2010;6;ALESSANDRIA;F;929
2010;6;ALESSANDRIA;M;620
2010;7;AOSTA;F;360
2010;7;AOSTA;M;227
2010;8;IMPERIA;F;392
2010;8;IMPERIA;M;297
2010;9;SAVONA;F;580
2010;9;SAVONA;M;433
2010;10;GENOVA;F;2246
2010;10;GENOVA;M;1634
2010;11;LA SPEZIA;F;451
2010;11;LA SPEZIA;M;346
2010;12;VARESE;F;2190
2010;12;VARESE;M;1600
2010;13;COMO;F;1398
2010;13;COMO;M;1076
2010;14;SONDRIO;F;390
2010;14;SONDRIO;M;345
2010;15;MILANO;F;7796
2010;15;MILANO;M;6019
2010;16;BERGAMO;F;2552
2010;16;BERGAMO;M;1731
2010;17;BRESCIA;F;2544
2010;17;BRESCIA;M;1782
2010;18;PAVIA;F;1292
2010;18;PAVIA;M;902
2010;19;CREMONA;F;858
2010;19;CREMONA;M;559
2010;20;MANTOVA;F;802
2010;20;MANTOVA;M;576
2010;21;BOLZANO;F;797
2010;21;BOLZANO;M;396
2010;22;TRENTO;F;1590
2010;22;TRENTO;M;1171
2010;23;VERONA;F;2208
2010;23;VERONA;M;1833
2010;24;VICENZA;F;2143
2010;24;VICENZA;M;1533
2010;25;BELLUNO;F;553
2010;25;BELLUNO;M;360
2010;26;TREVISO;F;2147
2010;26;TREVISO;M;1585
2010;27;VENEZIA;F;2060
2010;27;VENEZIA;M;1516
2010;28;PADOVA;F;2723
2010;28;PADOVA;M;2009
2010;29;ROVIGO;F;561
2010;29;ROVIGO;M;411
2010;30;UDINE;F;1466
2010;30;UDINE;M;979
2010;31;GORIZIA;F;290
2010;31;GORIZIA;M;238
2010;32;TRIESTE;F;633
2010;32;TRIESTE;M;478
2010;33;PIACENZA;F;632
2010;33;PIACENZA;M;497
2010;34;PARMA;F;1104
2010;34;PARMA;M;800
2010;35;REGGIO EMILIA;F;1084
2010;35;REGGIO EMILIA;M;798
2010;36;MODENA;F;1618
2010;36;MODENA;M;1200
2010;37;BOLOGNA;F;2558
2010;37;BOLOGNA;M;1929
2010;38;FERRARA;F;805
2010;38;FERRARA;M;539
2010;39;RAVENNA;F;807
2010;39;RAVENNA;M;567
2010;40;FORLI'-CESENA;F;1005
2010;40;FORLI'-CESENA;M;652
2010;41;PESARO E URBINO;F;1028
2010;41;PESARO E URBINO;M;678
2010;42;ANCONA;F;1422
2010;42;ANCONA;M;1002
2010;43;MACERATA;F;1061
2010;43;MACERATA;M;664
2010;44;ASCOLI PICENO;F;726
2010;44;ASCOLI PICENO;M;576
2010;45;MASSA CARRARA;F;451
2010;45;MASSA CARRARA;M;283
2010;46;LUCCA;F;827
2010;46;LUCCA;M;593
2010;47;PISTOIA;F;629
2010;47;PISTOIA;M;420
2010;48;FIRENZE;F;2580
2010;48;FIRENZE;M;1766
2010;49;LIVORNO;F;653
2010;49;LIVORNO;M;488
2010;50;PISA;F;1104
2010;50;PISA;M;848
2010;51;AREZZO;F;934
2010;51;AREZZO;M;582
2010;52;SIENA;F;733
2010;52;SIENA;M;535
2010;53;GROSSETO;F;445
2010;53;GROSSETO;M;330
2010;54;PERUGIA;F;1903
2010;54;PERUGIA;M;1312
2010;55;TERNI;F;661
2010;55;TERNI;M;478
2010;56;VITERBO;F;940
2010;56;VITERBO;M;672
2010;57;RIETI;F;517
2010;57;RIETI;M;344
2010;58;ROMA;F;12792
2010;58;ROMA;M;9585
2010;59;LATINA;F;1790
2010;59;LATINA;M;1219
2010;60;FROSINONE;F;1729
2010;60;FROSINONE;M;1066
2010;61;CASERTA;F;3088
2010;61;CASERTA;M;2030
2010;62;BENEVENTO;F;1033
2010;62;BENEVENTO;M;651
2010;63;NAPOLI;F;9294
2010;63;NAPOLI;M;6621
2010;64;AVELLINO;F;1635
2010;64;AVELLINO;M;1056
2010;65;SALERNO;F;3748
2010;65;SALERNO;M;2492
2010;66;L'AQUILA;F;1200
2010;66;L'AQUILA;M;755
2010;67;TERAMO;F;1007
2010;67;TERAMO;M;630
2010;68;PESCARA;F;1013
2010;68;PESCARA;M;759
2010;69;CHIETI;F;1388
2010;69;CHIETI;M;912
2010;70;CAMPOBASSO;F;993
2010;70;CAMPOBASSO;M;631
2010;71;FOGGIA;F;2093
2010;71;FOGGIA;M;1347
2010;72;BARI;F;4031
2010;72;BARI;M;2699
2010;73;TARANTO;F;1774
2010;73;TARANTO;M;1215
2010;74;BRINDISI;F;1335
2010;74;BRINDISI;M;751
2010;75;LECCE;F;3080
2010;75;LECCE;M;1898
2010;76;POTENZA;F;1601
2010;76;POTENZA;M;1009
2010;77;MATERA;F;778
2010;77;MATERA;M;523
2010;78;COSENZA;F;2537
2010;78;COSENZA;M;1674
2010;79;CATANZARO;F;1429
2010;79;CATANZARO;M;976
2010;80;REGGIO CALABRIA;F;2055
2010;80;REGGIO CALABRIA;M;1363
2010;81;TRAPANI;F;1154
2010;81;TRAPANI;M;776
2010;82;PALERMO;F;3097
2010;82;PALERMO;M;2286
2010;83;MESSINA;F;2260
2010;83;MESSINA;M;1502
2010;84;AGRIGENTO;F;1270
2010;84;AGRIGENTO;M;807
2010;85;CALTANISSETTA;F;784
2010;85;CALTANISSETTA;M;548
2010;86;ENNA;F;628
2010;86;ENNA;M;439
2010;87;CATANIA;F;2856
2010;87;CATANIA;M;1960
2010;88;RAGUSA;F;817
2010;88;RAGUSA;M;544
2010;89;SIRACUSA;F;1117
2010;89;SIRACUSA;M;782
2010;90;SASSARI;F;1189
2010;90;SASSARI;M;782
2010;91;NUORO;F;687
2010;91;NUORO;M;367
2010;92;CAGLIARI;F;1399
2010;92;CAGLIARI;M;880
2010;93;PORDENONE;F;772
2010;93;PORDENONE;M;538
2010;94;ISERNIA;F;385
2010;94;ISERNIA;M;249
2010;95;ORISTANO;F;455
2010;95;ORISTANO;M;261
2010;96;BIELLA;F;382
2010;96;BIELLA;M;284
2010;97;LECCO;F;888
2010;97;LECCO;M;627
2010;98;LODI;F;494
2010;98;LODI;M;339
2010;99;RIMINI;F;836
2010;99;RIMINI;M;629
2010;100;PRATO;F;461
2010;100;PRATO;M;340
2010;101;CROTONE;F;618
2010;101;CROTONE;M;392
2010;102;VIBO VALENTIA;F;613
2010;102;VIBO VALENTIA;M;396
2010;103;VERBANO CUSIO OSSOLA;F;295
2010;103;VERBANO CUSIO OSSOLA;M;193
2010;108;MONZA E BRIANZA;F;2058
2010;108;MONZA E BRIANZA;M;1516
2010;109;FERMO;F;597
2010;109;FERMO;M;375
2010;110;BARLETTA - ANDRIA - TRANI;F;1190
2010;110;BARLETTA - ANDRIA - TRANI;M;738
2010;111;SUD SARDEGNA;F;899
2010;111;SUD SARDEGNA;M;504
2010;998;PROVINCIA ESTERA;F;1553
2010;998;PROVINCIA ESTERA;M;1312
2010;999;PROVINCIA NON DEFINITA;F;49
2010;999;PROVINCIA NON DEFINITA;M;43
