AnnoS;AteneoCOD;AteneoNOME;SESSO;Lau
2020;101;Torino;F;9109
2020;101;Torino;M;5845
2020;102;Torino Politecnico;F;2301
2020;102;Torino Politecnico;M;5363
2020;201;Piemonte Orientale;F;1372
2020;201;Piemonte Orientale;M;748
2020;401;Bra Scienze Gastronomiche;F;66
2020;401;Bra Scienze Gastronomiche;M;48
2020;701;Aosta;F;188
2020;701;Aosta;M;78
2020;1001;Genova;F;3238
2020;1001;Genova;M;2470
2020;1201;Castellanza LIUC;F;318
2020;1201;Castellanza LIUC;M;467
2020;1202;Insubria;F;1149
2020;1202;Insubria;M;895
2020;1301;Novedrate e-Campus - telematica;F;2710
2020;1301;Novedrate e-Campus - telematica;M;2131
2020;1501;Milano;F;7074
2020;1501;Milano;M;4622
2020;1502;Milano Politecnico;F;4471
2020;1502;Milano Politecnico;M;7780
2020;1503;Milano Bocconi;F;2057
2020;1503;Milano Bocconi;M;2721
2020;1504;Milano Cattolica;F;7545
2020;1504;Milano Cattolica;M;3741
2020;1505;Milano IULM;F;1274
2020;1505;Milano IULM;M;471
2020;1508;Milano San Raffaele;F;451
2020;1508;Milano San Raffaele;M;229
2020;1509;Milano Bicocca;F;4726
2020;1509;Milano Bicocca;M;2776
2020;1510;Rozzano (MI) Humanitas University;F;118
2020;1510;Rozzano (MI) Humanitas University;M;64
2020;1601;Bergamo;F;2556
2020;1601;Bergamo;M;1438
2020;1701;Brescia;F;1151
2020;1701;Brescia;M;1340
2020;1801;Pavia;F;2745
2020;1801;Pavia;M;1974
2020;2101;Bolzano;F;579
2020;2101;Bolzano;M;246
2020;2201;Trento;F;2007
2020;2201;Trento;M;1857
2020;2301;Verona;F;3473
2020;2301;Verona;M;1736
2020;2701;Venezia Cà Foscari;F;3568
2020;2701;Venezia Cà Foscari;M;1814
2020;2702;Venezia Iuav;F;629
2020;2702;Venezia Iuav;M;522
2020;2801;Padova;F;7510
2020;2801;Padova;M;6050
2020;3001;Udine;F;1695
2020;3001;Udine;M;1392
2020;3201;Trieste;F;1704
2020;3201;Trieste;M;1286
2020;3401;Parma;F;3060
2020;3401;Parma;M;2155
2020;3601;Modena e Reggio Emilia;F;2946
2020;3601;Modena e Reggio Emilia;M;2211
2020;3701;Bologna;F;10852
2020;3701;Bologna;M;8230
2020;3801;Ferrara;F;2372
2020;3801;Ferrara;M;1533
2020;4101;Urbino;F;1801
2020;4101;Urbino;M;964
2020;4201;Marche;F;1433
2020;4201;Marche;M;1545
2020;4301;Macerata;F;1551
2020;4301;Macerata;M;506
2020;4302;Camerino;F;469
2020;4302;Camerino;M;426
2020;4801;Firenze;F;5657
2020;4801;Firenze;M;4111
2020;4804;Firenze IUL - telematica;F;50
2020;4804;Firenze IUL - telematica;M;16
2020;5001;Pisa;F;3813
2020;5001;Pisa;M;3794
2020;5201;Siena;F;1755
2020;5201;Siena;M;1188
2020;5202;Siena Stranieri;F;380
2020;5202;Siena Stranieri;M;69
2020;5401;Perugia;F;2535
2020;5401;Perugia;M;1783
2020;5403;Perugia Stranieri;F;184
2020;5403;Perugia Stranieri;M;64
2020;5601;Tuscia;F;745
2020;5601;Tuscia;M;798
2020;5801;Roma La Sapienza;F;10489
2020;5801;Roma La Sapienza;M;7565
2020;5802;Roma Tor Vergata;F;2864
2020;5802;Roma Tor Vergata;M;2441
2020;5803;Roma LUMSA;F;1021
2020;5803;Roma LUMSA;M;376
2020;5805;Roma LUISS;F;1368
2020;5805;Roma LUISS;M;1692
2020;5806;Roma Foro Italico;F;164
2020;5806;Roma Foro Italico;M;403
2020;5807;Roma Tre;F;3594
2020;5807;Roma Tre;M;2156
2020;5808;Roma Biomedico;F;355
2020;5808;Roma Biomedico;M;182
2020;5809;Roma UNINT;F;499
2020;5809;Roma UNINT;M;108
2020;5810;Roma Marconi - telematica;F;1027
2020;5810;Roma Marconi - telematica;M;942
2020;5811;Roma UNITELMA - telematica;F;185
2020;5811;Roma UNITELMA - telematica;M;201
2020;5812;Roma Europea;F;221
2020;5812;Roma Europea;M;89
2020;5813;Roma UNINETTUNO - telematica;F;243
2020;5813;Roma UNINETTUNO - telematica;M;332
2020;5814;Roma  Mercatorum - telematica;F;215
2020;5814;Roma  Mercatorum - telematica;M;714
2020;5816;Roma San Raffaele - telematica;F;612
2020;5816;Roma San Raffaele - telematica;M;767
2020;5817;Roma Link Campus;F;96
2020;5817;Roma Link Campus;M;263
2020;6001;Cassino;F;831
2020;6001;Cassino;M;560
2020;6201;Sannio;F;431
2020;6201;Sannio;M;362
2020;6202;Benevento Giustino Fortunato - telematica;F;158
2020;6202;Benevento Giustino Fortunato - telematica;M;188
2020;6301;Napoli Federico II;F;7324
2020;6301;Napoli Federico II;M;5740
2020;6302;Napoli Parthenope;F;1005
2020;6302;Napoli Parthenope;M;1158
2020;6303;Napoli L'Orientale;F;1622
2020;6303;Napoli L'Orientale;M;374
2020;6304;Napoli Benincasa;F;1698
2020;6304;Napoli Benincasa;M;257
2020;6306;Napoli Vanvitelli;F;2593
2020;6306;Napoli Vanvitelli;M;1641
2020;6307;Napoli Pegaso - telematica;F;5086
2020;6307;Napoli Pegaso - telematica;M;6292
2020;6501;Salerno;F;3303
2020;6501;Salerno;M;2543
2020;6601;L'Aquila;F;1756
2020;6601;L'Aquila;M;1273
2020;6701;Teramo;F;480
2020;6701;Teramo;M;426
2020;6901;Chieti e Pescara;F;2919
2020;6901;Chieti e Pescara;M;1498
2020;6902;Torrevecchia Teatina Leonardo da Vinci - telematica;F;9
2020;6902;Torrevecchia Teatina Leonardo da Vinci - telematica;M;7
2020;7001;Molise;F;707
2020;7001;Molise;M;442
2020;7101;Foggia;F;1234
2020;7101;Foggia;M;659
2020;7201;Bari;F;4694
2020;7201;Bari;M;2542
2020;7202;Bari Politecnico;F;658
2020;7202;Bari Politecnico;M;1203
2020;7203;Casamassima - G.Degennaro;F;137
2020;7203;Casamassima - G.Degennaro;M;204
2020;7501;Salento;F;1780
2020;7501;Salento;M;935
2020;7601;Basilicata;F;496
2020;7601;Basilicata;M;357
2020;7801;Calabria;F;2590
2020;7801;Calabria;M;1784
2020;7901;Catanzaro;F;597
2020;7901;Catanzaro;M;376
2020;8001;Reggio Calabria;F;370
2020;8001;Reggio Calabria;M;378
2020;8003;Reggio Calabria - Dante Alighieri;F;136
2020;8003;Reggio Calabria - Dante Alighieri;M;26
2020;8201;Palermo;F;4627
2020;8201;Palermo;M;3000
2020;8301;Messina;F;2486
2020;8301;Messina;M;1383
2020;8601;Enna KORE;F;677
2020;8601;Enna KORE;M;304
2020;8701;Catania;F;3837
2020;8701;Catania;M;2590
2020;9001;Sassari;F;1537
2020;9001;Sassari;M;776
2020;9201;Cagliari;F;2266
2020;9201;Cagliari;M;1460
2019;101;Torino;F;8537
2019;101;Torino;M;5370
2019;102;Torino Politecnico;F;2261
2019;102;Torino Politecnico;M;5258
2019;201;Piemonte Orientale;F;1539
2019;201;Piemonte Orientale;M;824
2019;401;Bra Scienze Gastronomiche;F;44
2019;401;Bra Scienze Gastronomiche;M;59
2019;701;Aosta;F;207
2019;701;Aosta;M;59
2019;1001;Genova;F;3320
2019;1001;Genova;M;2474
2019;1201;Castellanza LIUC;F;226
2019;1201;Castellanza LIUC;M;436
2019;1202;Insubria;F;1124
2019;1202;Insubria;M;746
2019;1301;Novedrate e-Campus - telematica;F;1485
2019;1301;Novedrate e-Campus - telematica;M;1262
2019;1501;Milano;F;7192
2019;1501;Milano;M;4684
2019;1502;Milano Politecnico;F;4450
2019;1502;Milano Politecnico;M;7838
2019;1503;Milano Bocconi;F;2168
2019;1503;Milano Bocconi;M;2548
2019;1504;Milano Cattolica;F;6799
2019;1504;Milano Cattolica;M;3546
2019;1505;Milano IULM;F;1090
2019;1505;Milano IULM;M;398
2019;1508;Milano San Raffaele;F;420
2019;1508;Milano San Raffaele;M;225
2019;1509;Milano Bicocca;F;4461
2019;1509;Milano Bicocca;M;2632
2019;1510;Rozzano (MI) Humanitas University;F;51
2019;1510;Rozzano (MI) Humanitas University;M;36
2019;1601;Bergamo;F;2481
2019;1601;Bergamo;M;1389
2019;1701;Brescia;F;1193
2019;1701;Brescia;M;1390
2019;1801;Pavia;F;2587
2019;1801;Pavia;M;1994
2019;2101;Bolzano;F;470
2019;2101;Bolzano;M;235
2019;2201;Trento;F;1919
2019;2201;Trento;M;1782
2019;2301;Verona;F;3394
2019;2301;Verona;M;1731
2019;2701;Venezia Cà Foscari;F;3381
2019;2701;Venezia Cà Foscari;M;1649
2019;2702;Venezia Iuav;F;659
2019;2702;Venezia Iuav;M;534
2019;2801;Padova;F;7405
2019;2801;Padova;M;5951
2019;3001;Udine;F;1732
2019;3001;Udine;M;1412
2019;3201;Trieste;F;1753
2019;3201;Trieste;M;1250
2019;3401;Parma;F;2947
2019;3401;Parma;M;2212
2019;3601;Modena e Reggio Emilia;F;2858
2019;3601;Modena e Reggio Emilia;M;2246
2019;3701;Bologna;F;10877
2019;3701;Bologna;M;8152
2019;3801;Ferrara;F;1772
2019;3801;Ferrara;M;1386
2019;4101;Urbino;F;1798
2019;4101;Urbino;M;999
2019;4201;Marche;F;1415
2019;4201;Marche;M;1544
2019;4301;Macerata;F;1518
2019;4301;Macerata;M;518
2019;4302;Camerino;F;490
2019;4302;Camerino;M;431
2019;4801;Firenze;F;5706
2019;4801;Firenze;M;3560
2019;4804;Firenze IUL - telematica;F;37
2019;4804;Firenze IUL - telematica;M;9
2019;5001;Pisa;F;3993
2019;5001;Pisa;M;3753
2019;5201;Siena;F;1819
2019;5201;Siena;M;1207
2019;5202;Siena Stranieri;F;350
2019;5202;Siena Stranieri;M;66
2019;5401;Perugia;F;2697
2019;5401;Perugia;M;1836
2019;5403;Perugia Stranieri;F;189
2019;5403;Perugia Stranieri;M;73
2019;5601;Tuscia;F;704
2019;5601;Tuscia;M;899
2019;5801;Roma La Sapienza;F;11190
2019;5801;Roma La Sapienza;M;7677
2019;5802;Roma Tor Vergata;F;3116
2019;5802;Roma Tor Vergata;M;3060
2019;5803;Roma LUMSA;F;973
2019;5803;Roma LUMSA;M;381
2019;5805;Roma LUISS;F;1235
2019;5805;Roma LUISS;M;1512
2019;5806;Roma Foro Italico;F;171
2019;5806;Roma Foro Italico;M;365
2019;5807;Roma Tre;F;3537
2019;5807;Roma Tre;M;2278
2019;5808;Roma Biomedico;F;270
2019;5808;Roma Biomedico;M;175
2019;5809;Roma UNINT;F;382
2019;5809;Roma UNINT;M;101
2019;5810;Roma Marconi - telematica;F;815
2019;5810;Roma Marconi - telematica;M;806
2019;5811;Roma UNITELMA - telematica;F;154
2019;5811;Roma UNITELMA - telematica;M;167
2019;5812;Roma Europea;F;150
2019;5812;Roma Europea;M;72
2019;5813;Roma UNINETTUNO - telematica;F;190
2019;5813;Roma UNINETTUNO - telematica;M;241
2019;5814;Roma  Mercatorum - telematica;F;130
2019;5814;Roma  Mercatorum - telematica;M;545
2019;5815;Roma UNICUSANO - telematica;F;446
2019;5815;Roma UNICUSANO - telematica;M;557
2019;5816;Roma San Raffaele - telematica;F;426
2019;5816;Roma San Raffaele - telematica;M;412
2019;5817;Roma Link Campus;F;118
2019;5817;Roma Link Campus;M;329
2019;6001;Cassino;F;825
2019;6001;Cassino;M;701
2019;6201;Sannio;F;443
2019;6201;Sannio;M;434
2019;6202;Benevento Giustino Fortunato - telematica;F;121
2019;6202;Benevento Giustino Fortunato - telematica;M;215
2019;6301;Napoli Federico II;F;7385
2019;6301;Napoli Federico II;M;5832
2019;6302;Napoli Parthenope;F;1037
2019;6302;Napoli Parthenope;M;1252
2019;6303;Napoli L'Orientale;F;1540
2019;6303;Napoli L'Orientale;M;328
2019;6304;Napoli Benincasa;F;1531
2019;6304;Napoli Benincasa;M;243
2019;6306;Napoli Vanvitelli;F;2989
2019;6306;Napoli Vanvitelli;M;1902
2019;6307;Napoli Pegaso - telematica;F;3852
2019;6307;Napoli Pegaso - telematica;M;5331
2019;6501;Salerno;F;3476
2019;6501;Salerno;M;2573
2019;6601;L'Aquila;F;1827
2019;6601;L'Aquila;M;1373
2019;6701;Teramo;F;565
2019;6701;Teramo;M;435
2019;6901;Chieti e Pescara;F;3480
2019;6901;Chieti e Pescara;M;1660
2019;6902;Torrevecchia Teatina Leonardo da Vinci - telematica;F;8
2019;6902;Torrevecchia Teatina Leonardo da Vinci - telematica;M;6
2019;7001;Molise;F;749
2019;7001;Molise;M;468
2019;7101;Foggia;F;1200
2019;7101;Foggia;M;661
2019;7201;Bari;F;4766
2019;7201;Bari;M;2710
2019;7202;Bari Politecnico;F;677
2019;7202;Bari Politecnico;M;1313
2019;7203;Casamassima - G.Degennaro;F;150
2019;7203;Casamassima - G.Degennaro;M;215
2019;7501;Salento;F;2005
2019;7501;Salento;M;1104
2019;7601;Basilicata;F;540
2019;7601;Basilicata;M;367
2019;7801;Calabria;F;2655
2019;7801;Calabria;M;1824
2019;7901;Catanzaro;F;976
2019;7901;Catanzaro;M;574
2019;8001;Reggio Calabria;F;359
2019;8001;Reggio Calabria;M;376
2019;8003;Reggio Calabria - Dante Alighieri;F;142
2019;8003;Reggio Calabria - Dante Alighieri;M;25
2019;8201;Palermo;F;4462
2019;8201;Palermo;M;3031
2019;8301;Messina;F;2420
2019;8301;Messina;M;1458
2019;8601;Enna KORE;F;785
2019;8601;Enna KORE;M;346
2019;8701;Catania;F;3826
2019;8701;Catania;M;2437
2019;9001;Sassari;F;1449
2019;9001;Sassari;M;762
2019;9201;Cagliari;F;2465
2019;9201;Cagliari;M;1537
2018;101;Torino;F;8066
2018;101;Torino;M;4924
2018;102;Torino Politecnico;F;2225
2018;102;Torino Politecnico;M;5038
2018;201;Piemonte Orientale;F;1265
2018;201;Piemonte Orientale;M;759
2018;401;Bra Scienze Gastronomiche;F;64
2018;401;Bra Scienze Gastronomiche;M;54
2018;701;Aosta;F;168
2018;701;Aosta;M;57
2018;1001;Genova;F;3429
2018;1001;Genova;M;2605
2018;1201;Castellanza LIUC;F;287
2018;1201;Castellanza LIUC;M;453
2018;1202;Insubria;F;1038
2018;1202;Insubria;M;726
2018;1301;Novedrate e-Campus - telematica;F;1179
2018;1301;Novedrate e-Campus - telematica;M;1000
2018;1501;Milano;F;7137
2018;1501;Milano;M;4506
2018;1502;Milano Politecnico;F;4419
2018;1502;Milano Politecnico;M;7338
2018;1503;Milano Bocconi;F;2111
2018;1503;Milano Bocconi;M;2413
2018;1504;Milano Cattolica;F;6481
2018;1504;Milano Cattolica;M;3484
2018;1505;Milano IULM;F;1049
2018;1505;Milano IULM;M;374
2018;1508;Milano San Raffaele;F;357
2018;1508;Milano San Raffaele;M;228
2018;1509;Milano Bicocca;F;4485
2018;1509;Milano Bicocca;M;2588
2018;1510;Rozzano (MI) Humanitas University;F;19
2018;1510;Rozzano (MI) Humanitas University;M;3
2018;1601;Bergamo;F;2374
2018;1601;Bergamo;M;1155
2018;1701;Brescia;F;1196
2018;1701;Brescia;M;1308
2018;1801;Pavia;F;2572
2018;1801;Pavia;M;1896
2018;2101;Bolzano;F;487
2018;2101;Bolzano;M;216
2018;2201;Trento;F;1899
2018;2201;Trento;M;1804
2018;2301;Verona;F;3281
2018;2301;Verona;M;1603
2018;2701;Venezia Cà Foscari;F;3591
2018;2701;Venezia Cà Foscari;M;1659
2018;2702;Venezia Iuav;F;650
2018;2702;Venezia Iuav;M;602
2018;2801;Padova;F;6943
2018;2801;Padova;M;5764
2018;3001;Udine;F;1568
2018;3001;Udine;M;1372
2018;3201;Trieste;F;1718
2018;3201;Trieste;M;1245
2018;3401;Parma;F;2657
2018;3401;Parma;M;1892
2018;3601;Modena e Reggio Emilia;F;2517
2018;3601;Modena e Reggio Emilia;M;2122
2018;3701;Bologna;F;10314
2018;3701;Bologna;M;7926
2018;3801;Ferrara;F;1800
2018;3801;Ferrara;M;1279
2018;4101;Urbino;F;1653
2018;4101;Urbino;M;972
2018;4201;Marche;F;1487
2018;4201;Marche;M;1557
2018;4301;Macerata;F;1474
2018;4301;Macerata;M;462
2018;4302;Camerino;F;498
2018;4302;Camerino;M;455
2018;4801;Firenze;F;5401
2018;4801;Firenze;M;3503
2018;4804;Firenze IUL - telematica;F;35
2018;4804;Firenze IUL - telematica;M;9
2018;5001;Pisa;F;3899
2018;5001;Pisa;M;3500
2018;5201;Siena;F;1761
2018;5201;Siena;M;1174
2018;5202;Siena Stranieri;F;323
2018;5202;Siena Stranieri;M;68
2018;5401;Perugia;F;2568
2018;5401;Perugia;M;1740
2018;5403;Perugia Stranieri;F;140
2018;5403;Perugia Stranieri;M;72
2018;5601;Tuscia;F;802
2018;5601;Tuscia;M;804
2018;5801;Roma La Sapienza;F;10595
2018;5801;Roma La Sapienza;M;7307
2018;5802;Roma Tor Vergata;F;3086
2018;5802;Roma Tor Vergata;M;2863
2018;5803;Roma LUMSA;F;1020
2018;5803;Roma LUMSA;M;374
2018;5805;Roma LUISS;F;1206
2018;5805;Roma LUISS;M;1406
2018;5806;Roma Foro Italico;F;153
2018;5806;Roma Foro Italico;M;340
2018;5807;Roma Tre;F;3539
2018;5807;Roma Tre;M;2394
2018;5808;Roma Biomedico;F;269
2018;5808;Roma Biomedico;M;171
2018;5809;Roma UNINT;F;435
2018;5809;Roma UNINT;M;92
2018;5810;Roma Marconi - telematica;F;777
2018;5810;Roma Marconi - telematica;M;803
2018;5811;Roma UNITELMA - telematica;F;165
2018;5811;Roma UNITELMA - telematica;M;200
2018;5812;Roma Europea;F;91
2018;5812;Roma Europea;M;82
2018;5813;Roma UNINETTUNO - telematica;F;221
2018;5813;Roma UNINETTUNO - telematica;M;312
2018;5814;Roma  Mercatorum - telematica;F;25
2018;5814;Roma  Mercatorum - telematica;M;55
2018;5815;Roma UNICUSANO - telematica;F;1476
2018;5815;Roma UNICUSANO - telematica;M;2113
2018;5816;Roma San Raffaele - telematica;F;283
2018;5816;Roma San Raffaele - telematica;M;304
2018;5817;Roma Link Campus;F;148
2018;5817;Roma Link Campus;M;302
2018;6001;Cassino;F;840
2018;6001;Cassino;M;596
2018;6201;Sannio;F;509
2018;6201;Sannio;M;393
2018;6202;Benevento Giustino Fortunato - telematica;F;106
2018;6202;Benevento Giustino Fortunato - telematica;M;181
2018;6301;Napoli Federico II;F;7458
2018;6301;Napoli Federico II;M;5865
2018;6302;Napoli Parthenope;F;1010
2018;6302;Napoli Parthenope;M;1194
2018;6303;Napoli L'Orientale;F;1500
2018;6303;Napoli L'Orientale;M;370
2018;6304;Napoli Benincasa;F;1542
2018;6304;Napoli Benincasa;M;213
2018;6306;Napoli Vanvitelli;F;2616
2018;6306;Napoli Vanvitelli;M;1827
2018;6307;Napoli Pegaso - telematica;F;2671
2018;6307;Napoli Pegaso - telematica;M;3854
2018;6501;Salerno;F;3118
2018;6501;Salerno;M;2307
2018;6601;L'Aquila;F;1828
2018;6601;L'Aquila;M;1231
2018;6701;Teramo;F;575
2018;6701;Teramo;M;402
2018;6901;Chieti e Pescara;F;3193
2018;6901;Chieti e Pescara;M;1595
2018;6902;Torrevecchia Teatina Leonardo da Vinci - telematica;F;9
2018;6902;Torrevecchia Teatina Leonardo da Vinci - telematica;M;4
2018;7001;Molise;F;604
2018;7001;Molise;M;412
2018;7101;Foggia;F;1034
2018;7101;Foggia;M;645
2018;7201;Bari;F;4761
2018;7201;Bari;M;2808
2018;7202;Bari Politecnico;F;644
2018;7202;Bari Politecnico;M;1272
2018;7203;Casamassima - G.Degennaro;F;128
2018;7203;Casamassima - G.Degennaro;M;209
2018;7501;Salento;F;2067
2018;7501;Salento;M;1072
2018;7601;Basilicata;F;575
2018;7601;Basilicata;M;376
2018;7801;Calabria;F;2546
2018;7801;Calabria;M;1668
2018;7901;Catanzaro;F;880
2018;7901;Catanzaro;M;568
2018;8001;Reggio Calabria;F;444
2018;8001;Reggio Calabria;M;439
2018;8003;Reggio Calabria - Dante Alighieri;F;174
2018;8003;Reggio Calabria - Dante Alighieri;M;35
2018;8201;Palermo;F;4379
2018;8201;Palermo;M;2760
2018;8301;Messina;F;2572
2018;8301;Messina;M;1334
2018;8601;Enna KORE;F;712
2018;8601;Enna KORE;M;428
2018;8701;Catania;F;3706
2018;8701;Catania;M;2497
2018;9001;Sassari;F;1405
2018;9001;Sassari;M;752
2018;9201;Cagliari;F;2428
2018;9201;Cagliari;M;1623
2017;101;Torino;F;7801
2017;101;Torino;M;4744
2017;102;Torino Politecnico;F;2079
2017;102;Torino Politecnico;M;4617
2017;201;Piemonte Orientale;F;1167
2017;201;Piemonte Orientale;M;659
2017;401;Bra Scienze Gastronomiche;F;53
2017;401;Bra Scienze Gastronomiche;M;52
2017;701;Aosta;F;187
2017;701;Aosta;M;70
2017;1001;Genova;F;3309
2017;1001;Genova;M;2461
2017;1201;Castellanza LIUC;F;222
2017;1201;Castellanza LIUC;M;371
2017;1202;Insubria;F;978
2017;1202;Insubria;M;650
2017;1301;Novedrate e-Campus - telematica;F;860
2017;1301;Novedrate e-Campus - telematica;M;818
2017;1501;Milano;F;7115
2017;1501;Milano;M;4323
2017;1502;Milano Politecnico;F;4038
2017;1502;Milano Politecnico;M;6999
2017;1503;Milano Bocconi;F;2184
2017;1503;Milano Bocconi;M;2323
2017;1504;Milano Cattolica;F;6578
2017;1504;Milano Cattolica;M;3405
2017;1505;Milano IULM;F;954
2017;1505;Milano IULM;M;307
2017;1508;Milano San Raffaele;F;334
2017;1508;Milano San Raffaele;M;195
2017;1509;Milano Bicocca;F;4286
2017;1509;Milano Bicocca;M;2412
2017;1510;Rozzano (MI) Humanitas University;F;13
2017;1510;Rozzano (MI) Humanitas University;M;3
2017;1601;Bergamo;F;2111
2017;1601;Bergamo;M;1048
2017;1701;Brescia;F;1272
2017;1701;Brescia;M;1361
2017;1801;Pavia;F;2527
2017;1801;Pavia;M;1894
2017;2101;Bolzano;F;432
2017;2101;Bolzano;M;179
2017;2201;Trento;F;1838
2017;2201;Trento;M;1689
2017;2301;Verona;F;3203
2017;2301;Verona;M;1609
2017;2701;Venezia Cà Foscari;F;3199
2017;2701;Venezia Cà Foscari;M;1530
2017;2702;Venezia Iuav;F;703
2017;2702;Venezia Iuav;M;592
2017;2801;Padova;F;7227
2017;2801;Padova;M;5495
2017;3001;Udine;F;1579
2017;3001;Udine;M;1248
2017;3201;Trieste;F;1684
2017;3201;Trieste;M;1178
2017;3401;Parma;F;2608
2017;3401;Parma;M;1975
2017;3601;Modena e Reggio Emilia;F;2446
2017;3601;Modena e Reggio Emilia;M;1780
2017;3701;Bologna;F;10272
2017;3701;Bologna;M;7589
2017;3801;Ferrara;F;1692
2017;3801;Ferrara;M;1283
2017;4101;Urbino;F;1640
2017;4101;Urbino;M;930
2017;4201;Marche;F;1432
2017;4201;Marche;M;1550
2017;4301;Macerata;F;1498
2017;4301;Macerata;M;482
2017;4302;Camerino;F;523
2017;4302;Camerino;M;497
2017;4801;Firenze;F;4980
2017;4801;Firenze;M;3296
2017;4804;Firenze IUL - telematica;F;26
2017;5001;Pisa;F;3678
2017;5001;Pisa;M;3395
2017;5201;Siena;F;1622
2017;5201;Siena;M;1163
2017;5202;Siena Stranieri;F;265
2017;5202;Siena Stranieri;M;46
2017;5401;Perugia;F;2407
2017;5401;Perugia;M;1759
2017;5403;Perugia Stranieri;F;138
2017;5403;Perugia Stranieri;M;79
2017;5601;Tuscia;F;594
2017;5601;Tuscia;M;744
2017;5801;Roma La Sapienza;F;11020
2017;5801;Roma La Sapienza;M;7445
2017;5802;Roma Tor Vergata;F;3043
2017;5802;Roma Tor Vergata;M;2888
2017;5803;Roma LUMSA;F;952
2017;5803;Roma LUMSA;M;362
2017;5805;Roma LUISS;F;1115
2017;5805;Roma LUISS;M;1279
2017;5806;Roma Foro Italico;F;167
2017;5806;Roma Foro Italico;M;343
2017;5807;Roma Tre;F;3887
2017;5807;Roma Tre;M;2442
2017;5808;Roma Biomedico;F;258
2017;5808;Roma Biomedico;M;148
2017;5809;Roma UNINT;F;353
2017;5809;Roma UNINT;M;89
2017;5810;Roma Marconi - telematica;F;694
2017;5810;Roma Marconi - telematica;M;765
2017;5811;Roma UNITELMA - telematica;F;134
2017;5811;Roma UNITELMA - telematica;M;176
2017;5812;Roma Europea;F;145
2017;5812;Roma Europea;M;71
2017;5813;Roma UNINETTUNO - telematica;F;189
2017;5813;Roma UNINETTUNO - telematica;M;301
2017;5814;Roma  Mercatorum - telematica;F;24
2017;5814;Roma  Mercatorum - telematica;M;38
2017;5815;Roma UNICUSANO - telematica;F;1435
2017;5815;Roma UNICUSANO - telematica;M;1838
2017;5816;Roma San Raffaele - telematica;F;140
2017;5816;Roma San Raffaele - telematica;M;192
2017;5817;Roma Link Campus;F;149
2017;5817;Roma Link Campus;M;295
2017;6001;Cassino;F;722
2017;6001;Cassino;M;558
2017;6201;Sannio;F;465
2017;6201;Sannio;M;398
2017;6202;Benevento Giustino Fortunato - telematica;F;92
2017;6202;Benevento Giustino Fortunato - telematica;M;149
2017;6301;Napoli Federico II;F;7345
2017;6301;Napoli Federico II;M;5650
2017;6302;Napoli Parthenope;F;1024
2017;6302;Napoli Parthenope;M;1273
2017;6303;Napoli L'Orientale;F;1563
2017;6303;Napoli L'Orientale;M;346
2017;6304;Napoli Benincasa;F;1548
2017;6304;Napoli Benincasa;M;227
2017;6306;Napoli Vanvitelli;F;2848
2017;6306;Napoli Vanvitelli;M;1863
2017;6307;Napoli Pegaso - telematica;F;1651
2017;6307;Napoli Pegaso - telematica;M;2497
2017;6501;Salerno;F;3231
2017;6501;Salerno;M;2029
2017;6601;L'Aquila;F;2023
2017;6601;L'Aquila;M;1449
2017;6701;Teramo;F;602
2017;6701;Teramo;M;420
2017;6901;Chieti e Pescara;F;3395
2017;6901;Chieti e Pescara;M;1582
2017;6902;Torrevecchia Teatina Leonardo da Vinci - telematica;F;16
2017;6902;Torrevecchia Teatina Leonardo da Vinci - telematica;M;13
2017;7001;Molise;F;636
2017;7001;Molise;M;422
2017;7101;Foggia;F;1005
2017;7101;Foggia;M;565
2017;7201;Bari;F;4912
2017;7201;Bari;M;2643
2017;7202;Bari Politecnico;F;664
2017;7202;Bari Politecnico;M;1292
2017;7203;Casamassima - G.Degennaro;F;104
2017;7203;Casamassima - G.Degennaro;M;161
2017;7501;Salento;F;2097
2017;7501;Salento;M;1027
2017;7601;Basilicata;F;515
2017;7601;Basilicata;M;379
2017;7801;Calabria;F;2705
2017;7801;Calabria;M;1806
2017;7901;Catanzaro;F;951
2017;7901;Catanzaro;M;606
2017;8001;Reggio Calabria;F;441
2017;8001;Reggio Calabria;M;487
2017;8003;Reggio Calabria - Dante Alighieri;F;178
2017;8003;Reggio Calabria - Dante Alighieri;M;41
2017;8201;Palermo;F;4477
2017;8201;Palermo;M;2857
2017;8301;Messina;F;2424
2017;8301;Messina;M;1264
2017;8601;Enna KORE;F;751
2017;8601;Enna KORE;M;400
2017;8701;Catania;F;3905
2017;8701;Catania;M;2532
2017;9001;Sassari;F;1328
2017;9001;Sassari;M;725
2017;9201;Cagliari;F;2457
2017;9201;Cagliari;M;1555
2016;101;Torino;F;7702
2016;101;Torino;M;4686
2016;102;Torino Politecnico;F;1957
2016;102;Torino Politecnico;M;4482
2016;201;Piemonte Orientale;F;1117
2016;201;Piemonte Orientale;M;657
2016;401;Bra Scienze Gastronomiche;F;52
2016;401;Bra Scienze Gastronomiche;M;26
2016;701;Aosta;F;145
2016;701;Aosta;M;44
2016;1001;Genova;F;3392
2016;1001;Genova;M;2572
2016;1201;Castellanza LIUC;F;223
2016;1201;Castellanza LIUC;M;397
2016;1202;Insubria;F;868
2016;1202;Insubria;M;626
2016;1301;Novedrate e-Campus - telematica;F;478
2016;1301;Novedrate e-Campus - telematica;M;421
2016;1501;Milano;F;7032
2016;1501;Milano;M;4446
2016;1502;Milano Politecnico;F;3820
2016;1502;Milano Politecnico;M;6675
2016;1503;Milano Bocconi;F;2263
2016;1503;Milano Bocconi;M;2359
2016;1504;Milano Cattolica;F;6141
2016;1504;Milano Cattolica;M;3202
2016;1505;Milano IULM;F;785
2016;1505;Milano IULM;M;325
2016;1508;Milano San Raffaele;F;327
2016;1508;Milano San Raffaele;M;167
2016;1509;Milano Bicocca;F;4264
2016;1509;Milano Bicocca;M;2415
2016;1510;Rozzano (MI) Humanitas University;F;4
2016;1510;Rozzano (MI) Humanitas University;M;3
2016;1601;Bergamo;F;1956
2016;1601;Bergamo;M;1049
2016;1701;Brescia;F;1231
2016;1701;Brescia;M;1277
2016;1801;Pavia;F;2479
2016;1801;Pavia;M;1878
2016;2101;Bolzano;F;365
2016;2101;Bolzano;M;159
2016;2201;Trento;F;1803
2016;2201;Trento;M;1773
2016;2301;Verona;F;2932
2016;2301;Verona;M;1433
2016;2701;Venezia Cà Foscari;F;3230
2016;2701;Venezia Cà Foscari;M;1555
2016;2702;Venezia Iuav;F;682
2016;2702;Venezia Iuav;M;632
2016;2801;Padova;F;6970
2016;2801;Padova;M;5366
2016;3001;Udine;F;1625
2016;3001;Udine;M;1398
2016;3201;Trieste;F;1863
2016;3201;Trieste;M;1270
2016;3401;Parma;F;2590
2016;3401;Parma;M;1945
2016;3601;Modena e Reggio Emilia;F;2264
2016;3601;Modena e Reggio Emilia;M;1779
2016;3701;Bologna;F;9998
2016;3701;Bologna;M;7099
2016;3801;Ferrara;F;1643
2016;3801;Ferrara;M;1222
2016;4101;Urbino;F;1649
2016;4101;Urbino;M;871
2016;4201;Marche;F;1404
2016;4201;Marche;M;1557
2016;4301;Macerata;F;1306
2016;4301;Macerata;M;444
2016;4302;Camerino;F;548
2016;4302;Camerino;M;513
2016;4801;Firenze;F;4987
2016;4801;Firenze;M;3261
2016;4804;Firenze IUL - telematica;F;5
2016;4804;Firenze IUL - telematica;M;3
2016;5001;Pisa;F;3620
2016;5001;Pisa;M;3348
2016;5201;Siena;F;1754
2016;5201;Siena;M;1153
2016;5202;Siena Stranieri;F;257
2016;5202;Siena Stranieri;M;41
2016;5401;Perugia;F;2617
2016;5401;Perugia;M;1842
2016;5403;Perugia Stranieri;F;156
2016;5403;Perugia Stranieri;M;69
2016;5601;Tuscia;F;601
2016;5601;Tuscia;M;639
2016;5801;Roma La Sapienza;F;10851
2016;5801;Roma La Sapienza;M;7347
2016;5802;Roma Tor Vergata;F;3023
2016;5802;Roma Tor Vergata;M;3002
2016;5803;Roma LUMSA;F;927
2016;5803;Roma LUMSA;M;357
2016;5805;Roma LUISS;F;1156
2016;5805;Roma LUISS;M;1175
2016;5806;Roma Foro Italico;F;181
2016;5806;Roma Foro Italico;M;326
2016;5807;Roma Tre;F;3752
2016;5807;Roma Tre;M;2448
2016;5808;Roma Biomedico;F;296
2016;5808;Roma Biomedico;M;148
2016;5809;Roma UNINT;F;305
2016;5809;Roma UNINT;M;85
2016;5810;Roma Marconi - telematica;F;708
2016;5810;Roma Marconi - telematica;M;914
2016;5811;Roma UNITELMA - telematica;F;154
2016;5811;Roma UNITELMA - telematica;M;191
2016;5812;Roma Europea;F;129
2016;5812;Roma Europea;M;56
2016;5813;Roma UNINETTUNO - telematica;F;250
2016;5813;Roma UNINETTUNO - telematica;M;320
2016;5814;Roma  Mercatorum - telematica;F;1
2016;5814;Roma  Mercatorum - telematica;M;1
2016;5815;Roma UNICUSANO - telematica;F;1030
2016;5815;Roma UNICUSANO - telematica;M;1489
2016;5816;Roma San Raffaele - telematica;F;98
2016;5816;Roma San Raffaele - telematica;M;134
2016;5817;Roma Link Campus;F;90
2016;5817;Roma Link Campus;M;190
2016;6001;Cassino;F;855
2016;6001;Cassino;M;558
2016;6201;Sannio;F;468
2016;6201;Sannio;M;434
2016;6202;Benevento Giustino Fortunato - telematica;F;77
2016;6202;Benevento Giustino Fortunato - telematica;M;121
2016;6301;Napoli Federico II;F;7374
2016;6301;Napoli Federico II;M;5474
2016;6302;Napoli Parthenope;F;1089
2016;6302;Napoli Parthenope;M;1106
2016;6303;Napoli L'Orientale;F;1352
2016;6303;Napoli L'Orientale;M;330
2016;6304;Napoli Benincasa;F;1335
2016;6304;Napoli Benincasa;M;210
2016;6306;Napoli Vanvitelli;F;2844
2016;6306;Napoli Vanvitelli;M;1888
2016;6307;Napoli Pegaso - telematica;F;1166
2016;6307;Napoli Pegaso - telematica;M;1973
2016;6501;Salerno;F;3077
2016;6501;Salerno;M;1884
2016;6601;L'Aquila;F;2274
2016;6601;L'Aquila;M;1484
2016;6701;Teramo;F;544
2016;6701;Teramo;M;424
2016;6901;Chieti e Pescara;F;3606
2016;6901;Chieti e Pescara;M;1601
2016;6902;Torrevecchia Teatina Leonardo da Vinci - telematica;F;20
2016;6902;Torrevecchia Teatina Leonardo da Vinci - telematica;M;21
2016;7001;Molise;F;665
2016;7001;Molise;M;421
2016;7101;Foggia;F;998
2016;7101;Foggia;M;539
2016;7201;Bari;F;4880
2016;7201;Bari;M;2666
2016;7202;Bari Politecnico;F;712
2016;7202;Bari Politecnico;M;1347
2016;7203;Casamassima - G.Degennaro;F;102
2016;7203;Casamassima - G.Degennaro;M;164
2016;7501;Salento;F;2236
2016;7501;Salento;M;1081
2016;7601;Basilicata;F;486
2016;7601;Basilicata;M;374
2016;7801;Calabria;F;2759
2016;7801;Calabria;M;1658
2016;7901;Catanzaro;F;797
2016;7901;Catanzaro;M;468
2016;8001;Reggio Calabria;F;437
2016;8001;Reggio Calabria;M;536
2016;8003;Reggio Calabria - Dante Alighieri;F;185
2016;8003;Reggio Calabria - Dante Alighieri;M;31
2016;8201;Palermo;F;4770
2016;8201;Palermo;M;2897
2016;8301;Messina;F;2894
2016;8301;Messina;M;1473
2016;8601;Enna KORE;F;699
2016;8601;Enna KORE;M;395
2016;8701;Catania;F;3984
2016;8701;Catania;M;2468
2016;9001;Sassari;F;1294
2016;9001;Sassari;M;673
2016;9201;Cagliari;F;2436
2016;9201;Cagliari;M;1493
2015;101;Torino;F;7390
2015;101;Torino;M;4401
2015;102;Torino Politecnico;F;1937
2015;102;Torino Politecnico;M;4494
2015;201;Piemonte Orientale;F;1126
2015;201;Piemonte Orientale;M;635
2015;401;Bra Scienze Gastronomiche;F;39
2015;401;Bra Scienze Gastronomiche;M;32
2015;701;Aosta;F;138
2015;701;Aosta;M;46
2015;1001;Genova;F;3403
2015;1001;Genova;M;2510
2015;1201;Castellanza LIUC;F;216
2015;1201;Castellanza LIUC;M;319
2015;1202;Insubria;F;904
2015;1202;Insubria;M;662
2015;1301;Novedrate e-Campus - telematica;F;508
2015;1301;Novedrate e-Campus - telematica;M;406
2015;1501;Milano;F;6642
2015;1501;Milano;M;4228
2015;1502;Milano Politecnico;F;3829
2015;1502;Milano Politecnico;M;6540
2015;1503;Milano Bocconi;F;2148
2015;1503;Milano Bocconi;M;2235
2015;1504;Milano Cattolica;F;6137
2015;1504;Milano Cattolica;M;3066
2015;1505;Milano IULM;F;822
2015;1505;Milano IULM;M;313
2015;1508;Milano San Raffaele;F;284
2015;1508;Milano San Raffaele;M;160
2015;1509;Milano Bicocca;F;4233
2015;1509;Milano Bicocca;M;2245
2015;1601;Bergamo;F;1840
2015;1601;Bergamo;M;1032
2015;1701;Brescia;F;1238
2015;1701;Brescia;M;1241
2015;1801;Pavia;F;2632
2015;1801;Pavia;M;1953
2015;2101;Bolzano;F;292
2015;2101;Bolzano;M;161
2015;2201;Trento;F;1864
2015;2201;Trento;M;1662
2015;2301;Verona;F;2989
2015;2301;Verona;M;1432
2015;2701;Venezia Cà Foscari;F;3164
2015;2701;Venezia Cà Foscari;M;1472
2015;2702;Venezia Iuav;F;740
2015;2702;Venezia Iuav;M;684
2015;2801;Padova;F;6550
2015;2801;Padova;M;4989
2015;3001;Udine;F;1676
2015;3001;Udine;M;1204
2015;3201;Trieste;F;1891
2015;3201;Trieste;M;1293
2015;3401;Parma;F;2788
2015;3401;Parma;M;2005
2015;3601;Modena e Reggio Emilia;F;2193
2015;3601;Modena e Reggio Emilia;M;1618
2015;3701;Bologna;F;9797
2015;3701;Bologna;M;6865
2015;3801;Ferrara;F;1714
2015;3801;Ferrara;M;1284
2015;4101;Urbino;F;1551
2015;4101;Urbino;M;808
2015;4201;Marche;F;1484
2015;4201;Marche;M;1603
2015;4301;Macerata;F;1254
2015;4301;Macerata;M;433
2015;4302;Camerino;F;617
2015;4302;Camerino;M;583
2015;4801;Firenze;F;4961
2015;4801;Firenze;M;2941
2015;4804;Firenze IUL - telematica;F;6
2015;4804;Firenze IUL - telematica;M;1
2015;5001;Pisa;F;3701
2015;5001;Pisa;M;3248
2015;5201;Siena;F;1751
2015;5201;Siena;M;1143
2015;5202;Siena Stranieri;F;185
2015;5202;Siena Stranieri;M;35
2015;5401;Perugia;F;2476
2015;5401;Perugia;M;1877
2015;5403;Perugia Stranieri;F;172
2015;5403;Perugia Stranieri;M;83
2015;5601;Tuscia;F;648
2015;5601;Tuscia;M;611
2015;5801;Roma La Sapienza;F;10847
2015;5801;Roma La Sapienza;M;7141
2015;5802;Roma Tor Vergata;F;2967
2015;5802;Roma Tor Vergata;M;2697
2015;5803;Roma LUMSA;F;855
2015;5803;Roma LUMSA;M;370
2015;5805;Roma LUISS;F;1084
2015;5805;Roma LUISS;M;1047
2015;5806;Roma Foro Italico;F;170
2015;5806;Roma Foro Italico;M;300
2015;5807;Roma Tre;F;3636
2015;5807;Roma Tre;M;2384
2015;5808;Roma Biomedico;F;221
2015;5808;Roma Biomedico;M;125
2015;5809;Roma UNINT;F;245
2015;5809;Roma UNINT;M;90
2015;5810;Roma Marconi - telematica;F;649
2015;5810;Roma Marconi - telematica;M;871
2015;5811;Roma UNITELMA - telematica;F;145
2015;5811;Roma UNITELMA - telematica;M;165
2015;5812;Roma Europea;F;152
2015;5812;Roma Europea;M;81
2015;5813;Roma UNINETTUNO - telematica;F;193
2015;5813;Roma UNINETTUNO - telematica;M;324
2015;5814;Roma  Mercatorum - telematica;F;10
2015;5814;Roma  Mercatorum - telematica;M;8
2015;5815;Roma UNICUSANO - telematica;F;900
2015;5815;Roma UNICUSANO - telematica;M;1453
2015;5816;Roma San Raffaele - telematica;F;56
2015;5816;Roma San Raffaele - telematica;M;88
2015;5817;Roma Link Campus;F;118
2015;5817;Roma Link Campus;M;260
2015;6001;Cassino;F;820
2015;6001;Cassino;M;577
2015;6201;Sannio;F;509
2015;6201;Sannio;M;415
2015;6202;Benevento Giustino Fortunato - telematica;F;54
2015;6202;Benevento Giustino Fortunato - telematica;M;99
2015;6301;Napoli Federico II;F;7344
2015;6301;Napoli Federico II;M;5502
2015;6302;Napoli Parthenope;F;961
2015;6302;Napoli Parthenope;M;1198
2015;6303;Napoli L'Orientale;F;1290
2015;6303;Napoli L'Orientale;M;316
2015;6304;Napoli Benincasa;F;1375
2015;6304;Napoli Benincasa;M;227
2015;6306;Napoli Vanvitelli;F;2672
2015;6306;Napoli Vanvitelli;M;1761
2015;6307;Napoli Pegaso - telematica;F;908
2015;6307;Napoli Pegaso - telematica;M;1681
2015;6501;Salerno;F;2954
2015;6501;Salerno;M;1715
2015;6601;L'Aquila;F;1954
2015;6601;L'Aquila;M;1465
2015;6701;Teramo;F;569
2015;6701;Teramo;M;414
2015;6901;Chieti e Pescara;F;3695
2015;6901;Chieti e Pescara;M;1651
2015;6902;Torrevecchia Teatina Leonardo da Vinci - telematica;F;23
2015;6902;Torrevecchia Teatina Leonardo da Vinci - telematica;M;26
2015;7001;Molise;F;647
2015;7001;Molise;M;396
2015;7101;Foggia;F;924
2015;7101;Foggia;M;542
2015;7201;Bari;F;4911
2015;7201;Bari;M;2386
2015;7202;Bari Politecnico;F;559
2015;7202;Bari Politecnico;M;1095
2015;7203;Casamassima - G.Degennaro;F;128
2015;7203;Casamassima - G.Degennaro;M;199
2015;7501;Salento;F;2289
2015;7501;Salento;M;979
2015;7601;Basilicata;F;540
2015;7601;Basilicata;M;351
2015;7801;Calabria;F;2769
2015;7801;Calabria;M;1672
2015;7901;Catanzaro;F;669
2015;7901;Catanzaro;M;428
2015;8001;Reggio Calabria;F;503
2015;8001;Reggio Calabria;M;510
2015;8003;Reggio Calabria - Dante Alighieri;F;124
2015;8003;Reggio Calabria - Dante Alighieri;M;26
2015;8201;Palermo;F;4942
2015;8201;Palermo;M;2992
2015;8301;Messina;F;2920
2015;8301;Messina;M;1401
2015;8601;Enna KORE;F;662
2015;8601;Enna KORE;M;384
2015;8701;Catania;F;4281
2015;8701;Catania;M;2538
2015;9001;Sassari;F;1373
2015;9001;Sassari;M;716
2015;9201;Cagliari;F;2446
2015;9201;Cagliari;M;1447
2014;101;Torino;F;7189
2014;101;Torino;M;4367
2014;102;Torino Politecnico;F;2003
2014;102;Torino Politecnico;M;4168
2014;201;Piemonte Orientale;F;1014
2014;201;Piemonte Orientale;M;568
2014;401;Bra Scienze Gastronomiche;F;42
2014;401;Bra Scienze Gastronomiche;M;34
2014;701;Aosta;F;148
2014;701;Aosta;M;46
2014;1001;Genova;F;3673
2014;1001;Genova;M;2563
2014;1201;Castellanza LIUC;F;191
2014;1201;Castellanza LIUC;M;310
2014;1202;Insubria;F;863
2014;1202;Insubria;M;634
2014;1301;Novedrate e-Campus - telematica;F;430
2014;1301;Novedrate e-Campus - telematica;M;382
2014;1501;Milano;F;6691
2014;1501;Milano;M;3990
2014;1502;Milano Politecnico;F;3781
2014;1502;Milano Politecnico;M;6261
2014;1503;Milano Bocconi;F;2131
2014;1503;Milano Bocconi;M;2216
2014;1504;Milano Cattolica;F;6493
2014;1504;Milano Cattolica;M;3101
2014;1505;Milano IULM;F;821
2014;1505;Milano IULM;M;324
2014;1508;Milano San Raffaele;F;337
2014;1508;Milano San Raffaele;M;171
2014;1509;Milano Bicocca;F;4275
2014;1509;Milano Bicocca;M;2269
2014;1601;Bergamo;F;1861
2014;1601;Bergamo;M;1089
2014;1701;Brescia;F;1148
2014;1701;Brescia;M;1133
2014;1801;Pavia;F;2580
2014;1801;Pavia;M;1868
2014;2101;Bolzano;F;452
2014;2101;Bolzano;M;178
2014;2201;Trento;F;1852
2014;2201;Trento;M;1615
2014;2301;Verona;F;3098
2014;2301;Verona;M;1419
2014;2701;Venezia Cà Foscari;F;3011
2014;2701;Venezia Cà Foscari;M;1325
2014;2702;Venezia Iuav;F;797
2014;2702;Venezia Iuav;M;738
2014;2801;Padova;F;7152
2014;2801;Padova;M;4992
2014;3001;Udine;F;1705
2014;3001;Udine;M;1233
2014;3201;Trieste;F;1999
2014;3201;Trieste;M;1305
2014;3401;Parma;F;3077
2014;3401;Parma;M;2137
2014;3601;Modena e Reggio Emilia;F;2122
2014;3601;Modena e Reggio Emilia;M;1621
2014;3701;Bologna;F;9829
2014;3701;Bologna;M;6743
2014;3801;Ferrara;F;1738
2014;3801;Ferrara;M;1159
2014;4101;Urbino;F;1737
2014;4101;Urbino;M;835
2014;4201;Marche;F;1480
2014;4201;Marche;M;1501
2014;4301;Macerata;F;1296
2014;4301;Macerata;M;383
2014;4302;Camerino;F;545
2014;4302;Camerino;M;503
2014;4801;Firenze;F;5170
2014;4801;Firenze;M;3166
2014;4804;Firenze IUL - telematica;F;5
2014;5001;Pisa;F;3463
2014;5001;Pisa;M;3110
2014;5201;Siena;F;1714
2014;5201;Siena;M;1135
2014;5202;Siena Stranieri;F;134
2014;5202;Siena Stranieri;M;31
2014;5401;Perugia;F;2640
2014;5401;Perugia;M;1868
2014;5403;Perugia Stranieri;F;193
2014;5403;Perugia Stranieri;M;74
2014;5601;Tuscia;F;622
2014;5601;Tuscia;M;681
2014;5801;Roma La Sapienza;F;11572
2014;5801;Roma La Sapienza;M;7326
2014;5802;Roma Tor Vergata;F;2953
2014;5802;Roma Tor Vergata;M;2877
2014;5803;Roma LUMSA;F;1104
2014;5803;Roma LUMSA;M;375
2014;5805;Roma LUISS;F;1175
2014;5805;Roma LUISS;M;1150
2014;5806;Roma Foro Italico;F;145
2014;5806;Roma Foro Italico;M;267
2014;5807;Roma Tre;F;3599
2014;5807;Roma Tre;M;2262
2014;5808;Roma Biomedico;F;231
2014;5808;Roma Biomedico;M;146
2014;5809;Roma UNINT;F;242
2014;5809;Roma UNINT;M;120
2014;5810;Roma Marconi - telematica;F;569
2014;5810;Roma Marconi - telematica;M;980
2014;5811;Roma UNITELMA - telematica;F;158
2014;5811;Roma UNITELMA - telematica;M;180
2014;5812;Roma Europea;F;170
2014;5812;Roma Europea;M;78
2014;5813;Roma UNINETTUNO - telematica;F;169
2014;5813;Roma UNINETTUNO - telematica;M;278
2014;5814;Roma  Mercatorum - telematica;F;8
2014;5814;Roma  Mercatorum - telematica;M;24
2014;5815;Roma UNICUSANO - telematica;F;857
2014;5815;Roma UNICUSANO - telematica;M;1558
2014;5816;Roma San Raffaele - telematica;F;27
2014;5816;Roma San Raffaele - telematica;M;39
2014;5817;Roma Link Campus;F;51
2014;5817;Roma Link Campus;M;86
2014;6001;Cassino;F;809
2014;6001;Cassino;M;545
2014;6201;Sannio;F;471
2014;6201;Sannio;M;372
2014;6202;Benevento Giustino Fortunato - telematica;F;55
2014;6202;Benevento Giustino Fortunato - telematica;M;76
2014;6301;Napoli Federico II;F;7349
2014;6301;Napoli Federico II;M;5349
2014;6302;Napoli Parthenope;F;1212
2014;6302;Napoli Parthenope;M;1368
2014;6303;Napoli L'Orientale;F;1336
2014;6303;Napoli L'Orientale;M;321
2014;6304;Napoli Benincasa;F;1614
2014;6304;Napoli Benincasa;M;242
2014;6306;Napoli Vanvitelli;F;2750
2014;6306;Napoli Vanvitelli;M;1714
2014;6307;Napoli Pegaso - telematica;F;671
2014;6307;Napoli Pegaso - telematica;M;1260
2014;6501;Salerno;F;3114
2014;6501;Salerno;M;1684
2014;6601;L'Aquila;F;1900
2014;6601;L'Aquila;M;1420
2014;6701;Teramo;F;583
2014;6701;Teramo;M;416
2014;6901;Chieti e Pescara;F;3813
2014;6901;Chieti e Pescara;M;1617
2014;6902;Torrevecchia Teatina Leonardo da Vinci - telematica;F;30
2014;6902;Torrevecchia Teatina Leonardo da Vinci - telematica;M;24
2014;7001;Molise;F;722
2014;7001;Molise;M;436
2014;7101;Foggia;F;937
2014;7101;Foggia;M;556
2014;7201;Bari;F;5267
2014;7201;Bari;M;2430
2014;7202;Bari Politecnico;F;577
2014;7202;Bari Politecnico;M;1121
2014;7203;Casamassima - G.Degennaro;F;96
2014;7203;Casamassima - G.Degennaro;M;173
2014;7501;Salento;F;2365
2014;7501;Salento;M;1013
2014;7601;Basilicata;F;627
2014;7601;Basilicata;M;397
2014;7801;Calabria;F;3005
2014;7801;Calabria;M;1759
2014;7901;Catanzaro;F;784
2014;7901;Catanzaro;M;421
2014;8001;Reggio Calabria;F;501
2014;8001;Reggio Calabria;M;568
2014;8003;Reggio Calabria - Dante Alighieri;F;134
2014;8003;Reggio Calabria - Dante Alighieri;M;18
2014;8201;Palermo;F;5136
2014;8201;Palermo;M;3068
2014;8301;Messina;F;2794
2014;8301;Messina;M;1470
2014;8601;Enna KORE;F;655
2014;8601;Enna KORE;M;361
2014;8701;Catania;F;4365
2014;8701;Catania;M;2622
2014;9001;Sassari;F;1421
2014;9001;Sassari;M;656
2014;9201;Cagliari;F;2469
2014;9201;Cagliari;M;1532
2013;101;Torino;F;7287
2013;101;Torino;M;4528
2013;102;Torino Politecnico;F;1787
2013;102;Torino Politecnico;M;3697
2013;201;Piemonte Orientale;F;1100
2013;201;Piemonte Orientale;M;645
2013;401;Bra Scienze Gastronomiche;F;52
2013;401;Bra Scienze Gastronomiche;M;39
2013;701;Aosta;F;174
2013;701;Aosta;M;53
2013;1001;Genova;F;3702
2013;1001;Genova;M;2591
2013;1201;Castellanza LIUC;F;161
2013;1201;Castellanza LIUC;M;369
2013;1202;Insubria;F;927
2013;1202;Insubria;M;654
2013;1301;Novedrate e-Campus - telematica;F;318
2013;1301;Novedrate e-Campus - telematica;M;368
2013;1501;Milano;F;6494
2013;1501;Milano;M;3973
2013;1502;Milano Politecnico;F;3586
2013;1502;Milano Politecnico;M;5990
2013;1503;Milano Bocconi;F;2043
2013;1503;Milano Bocconi;M;2183
2013;1504;Milano Cattolica;F;6456
2013;1504;Milano Cattolica;M;3132
2013;1505;Milano IULM;F;717
2013;1505;Milano IULM;M;263
2013;1508;Milano San Raffaele;F;316
2013;1508;Milano San Raffaele;M;158
2013;1509;Milano Bicocca;F;3886
2013;1509;Milano Bicocca;M;2039
2013;1601;Bergamo;F;1741
2013;1601;Bergamo;M;940
2013;1701;Brescia;F;1169
2013;1701;Brescia;M;1183
2013;1801;Pavia;F;2564
2013;1801;Pavia;M;1843
2013;2101;Bolzano;F;531
2013;2101;Bolzano;M;180
2013;2201;Trento;F;1693
2013;2201;Trento;M;1537
2013;2301;Verona;F;2967
2013;2301;Verona;M;1369
2013;2701;Venezia Cà Foscari;F;2861
2013;2701;Venezia Cà Foscari;M;1324
2013;2702;Venezia Iuav;F;843
2013;2702;Venezia Iuav;M;812
2013;2801;Padova;F;7325
2013;2801;Padova;M;5067
2013;3001;Udine;F;1757
2013;3001;Udine;M;1236
2013;3201;Trieste;F;2030
2013;3201;Trieste;M;1299
2013;3401;Parma;F;3094
2013;3401;Parma;M;2260
2013;3601;Modena e Reggio Emilia;F;2114
2013;3601;Modena e Reggio Emilia;M;1532
2013;3701;Bologna;F;9472
2013;3701;Bologna;M;6410
2013;3801;Ferrara;F;1836
2013;3801;Ferrara;M;1253
2013;4101;Urbino;F;1720
2013;4101;Urbino;M;913
2013;4201;Marche;F;1473
2013;4201;Marche;M;1588
2013;4301;Macerata;F;1359
2013;4301;Macerata;M;439
2013;4302;Camerino;F;519
2013;4302;Camerino;M;525
2013;4801;Firenze;F;5250
2013;4801;Firenze;M;3125
2013;4804;Firenze IUL - telematica;F;1
2013;4804;Firenze IUL - telematica;M;2
2013;5001;Pisa;F;3575
2013;5001;Pisa;M;3208
2013;5201;Siena;F;1989
2013;5201;Siena;M;1271
2013;5202;Siena Stranieri;F;115
2013;5202;Siena Stranieri;M;17
2013;5401;Perugia;F;2763
2013;5401;Perugia;M;1863
2013;5403;Perugia Stranieri;F;185
2013;5403;Perugia Stranieri;M;88
2013;5601;Tuscia;F;676
2013;5601;Tuscia;M;731
2013;5801;Roma La Sapienza;F;11902
2013;5801;Roma La Sapienza;M;7338
2013;5802;Roma Tor Vergata;F;3051
2013;5802;Roma Tor Vergata;M;2434
2013;5803;Roma LUMSA;F;1076
2013;5803;Roma LUMSA;M;434
2013;5805;Roma LUISS;F;1213
2013;5805;Roma LUISS;M;1027
2013;5806;Roma Foro Italico;F;152
2013;5806;Roma Foro Italico;M;280
2013;5807;Roma Tre;F;3573
2013;5807;Roma Tre;M;2306
2013;5808;Roma Biomedico;F;215
2013;5808;Roma Biomedico;M;131
2013;5809;Roma UNINT;F;269
2013;5809;Roma UNINT;M;104
2013;5810;Roma Marconi - telematica;F;573
2013;5810;Roma Marconi - telematica;M;1016
2013;5811;Roma UNITELMA - telematica;F;115
2013;5811;Roma UNITELMA - telematica;M;140
2013;5812;Roma Europea;F;136
2013;5812;Roma Europea;M;91
2013;5813;Roma UNINETTUNO - telematica;F;81
2013;5813;Roma UNINETTUNO - telematica;M;110
2013;5814;Roma  Mercatorum - telematica;F;2
2013;5814;Roma  Mercatorum - telematica;M;24
2013;5815;Roma UNICUSANO - telematica;F;790
2013;5815;Roma UNICUSANO - telematica;M;1619
2013;5816;Roma San Raffaele - telematica;F;19
2013;5816;Roma San Raffaele - telematica;M;46
2013;5817;Roma Link Campus;M;1
2013;6001;Cassino;F;856
2013;6001;Cassino;M;605
2013;6201;Sannio;F;485
2013;6201;Sannio;M;389
2013;6202;Benevento Giustino Fortunato - telematica;F;35
2013;6202;Benevento Giustino Fortunato - telematica;M;76
2013;6301;Napoli Federico II;F;7300
2013;6301;Napoli Federico II;M;5548
2013;6302;Napoli Parthenope;F;1015
2013;6302;Napoli Parthenope;M;1080
2013;6303;Napoli L'Orientale;F;1334
2013;6303;Napoli L'Orientale;M;326
2013;6304;Napoli Benincasa;F;1619
2013;6304;Napoli Benincasa;M;247
2013;6306;Napoli Vanvitelli;F;2749
2013;6306;Napoli Vanvitelli;M;1819
2013;6307;Napoli Pegaso - telematica;F;504
2013;6307;Napoli Pegaso - telematica;M;1053
2013;6501;Salerno;F;2838
2013;6501;Salerno;M;1713
2013;6601;L'Aquila;F;1912
2013;6601;L'Aquila;M;1495
2013;6701;Teramo;F;620
2013;6701;Teramo;M;634
2013;6901;Chieti e Pescara;F;3740
2013;6901;Chieti e Pescara;M;1669
2013;6902;Torrevecchia Teatina Leonardo da Vinci - telematica;F;28
2013;6902;Torrevecchia Teatina Leonardo da Vinci - telematica;M;15
2013;7001;Molise;F;784
2013;7001;Molise;M;412
2013;7101;Foggia;F;986
2013;7101;Foggia;M;537
2013;7201;Bari;F;5355
2013;7201;Bari;M;2616
2013;7202;Bari Politecnico;F;576
2013;7202;Bari Politecnico;M;1212
2013;7203;Casamassima - G.Degennaro;F;82
2013;7203;Casamassima - G.Degennaro;M;176
2013;7501;Salento;F;2457
2013;7501;Salento;M;1067
2013;7601;Basilicata;F;669
2013;7601;Basilicata;M;445
2013;7801;Calabria;F;2924
2013;7801;Calabria;M;1706
2013;7901;Catanzaro;F;731
2013;7901;Catanzaro;M;515
2013;8001;Reggio Calabria;F;462
2013;8001;Reggio Calabria;M;519
2013;8003;Reggio Calabria - Dante Alighieri;F;94
2013;8003;Reggio Calabria - Dante Alighieri;M;22
2013;8201;Palermo;F;5596
2013;8201;Palermo;M;3442
2013;8301;Messina;F;3146
2013;8301;Messina;M;1690
2013;8601;Enna KORE;F;655
2013;8601;Enna KORE;M;321
2013;8701;Catania;F;4488
2013;8701;Catania;M;2612
2013;9001;Sassari;F;1401
2013;9001;Sassari;M;685
2013;9201;Cagliari;F;2762
2013;9201;Cagliari;M;1557
2012;101;Torino;F;7314
2012;101;Torino;M;4053
2012;102;Torino Politecnico;F;1647
2012;102;Torino Politecnico;M;3683
2012;201;Piemonte Orientale;F;937
2012;201;Piemonte Orientale;M;515
2012;401;Bra Scienze Gastronomiche;F;30
2012;401;Bra Scienze Gastronomiche;M;38
2012;701;Aosta;F;115
2012;701;Aosta;M;42
2012;1001;Genova;F;3666
2012;1001;Genova;M;2497
2012;1201;Castellanza LIUC;F;162
2012;1201;Castellanza LIUC;M;357
2012;1202;Insubria;F;1015
2012;1202;Insubria;M;665
2012;1301;Novedrate e-Campus - telematica;F;209
2012;1301;Novedrate e-Campus - telematica;M;321
2012;1501;Milano;F;6361
2012;1501;Milano;M;3803
2012;1502;Milano Politecnico;F;3344
2012;1502;Milano Politecnico;M;5565
2012;1503;Milano Bocconi;F;2079
2012;1503;Milano Bocconi;M;2188
2012;1504;Milano Cattolica;F;6328
2012;1504;Milano Cattolica;M;2920
2012;1505;Milano IULM;F;791
2012;1505;Milano IULM;M;266
2012;1508;Milano San Raffaele;F;371
2012;1508;Milano San Raffaele;M;162
2012;1509;Milano Bicocca;F;3621
2012;1509;Milano Bicocca;M;1944
2012;1601;Bergamo;F;1627
2012;1601;Bergamo;M;917
2012;1701;Brescia;F;1181
2012;1701;Brescia;M;1235
2012;1801;Pavia;F;2327
2012;1801;Pavia;M;1784
2012;2101;Bolzano;F;493
2012;2101;Bolzano;M;150
2012;2201;Trento;F;1525
2012;2201;Trento;M;1394
2012;2301;Verona;F;2975
2012;2301;Verona;M;1383
2012;2701;Venezia Cà Foscari;F;2588
2012;2701;Venezia Cà Foscari;M;1226
2012;2702;Venezia Iuav;F;917
2012;2702;Venezia Iuav;M;858
2012;2801;Padova;F;7105
2012;2801;Padova;M;5025
2012;3001;Udine;F;1661
2012;3001;Udine;M;1268
2012;3201;Trieste;F;2134
2012;3201;Trieste;M;1368
2012;3401;Parma;F;2990
2012;3401;Parma;M;2190
2012;3601;Modena e Reggio Emilia;F;2049
2012;3601;Modena e Reggio Emilia;M;1480
2012;3701;Bologna;F;8987
2012;3701;Bologna;M;6224
2012;3801;Ferrara;F;1576
2012;3801;Ferrara;M;1181
2012;4101;Urbino;F;1796
2012;4101;Urbino;M;855
2012;4201;Marche;F;1496
2012;4201;Marche;M;1686
2012;4301;Macerata;F;1359
2012;4301;Macerata;M;459
2012;4302;Camerino;F;578
2012;4302;Camerino;M;562
2012;4801;Firenze;F;5443
2012;4801;Firenze;M;3803
2012;4804;Firenze IUL - telematica;F;8
2012;4804;Firenze IUL - telematica;M;2
2012;5001;Pisa;F;3485
2012;5001;Pisa;M;3198
2012;5201;Siena;F;1928
2012;5201;Siena;M;1178
2012;5202;Siena Stranieri;F;91
2012;5202;Siena Stranieri;M;10
2012;5401;Perugia;F;2756
2012;5401;Perugia;M;1897
2012;5403;Perugia Stranieri;F;210
2012;5403;Perugia Stranieri;M;137
2012;5601;Tuscia;F;656
2012;5601;Tuscia;M;1016
2012;5801;Roma La Sapienza;F;12270
2012;5801;Roma La Sapienza;M;7408
2012;5802;Roma Tor Vergata;F;2932
2012;5802;Roma Tor Vergata;M;2341
2012;5803;Roma LUMSA;F;991
2012;5803;Roma LUMSA;M;398
2012;5805;Roma LUISS;F;1077
2012;5805;Roma LUISS;M;1048
2012;5806;Roma Foro Italico;F;135
2012;5806;Roma Foro Italico;M;219
2012;5807;Roma Tre;F;3398
2012;5807;Roma Tre;M;2191
2012;5808;Roma Biomedico;F;189
2012;5808;Roma Biomedico;M;119
2012;5809;Roma UNINT;F;240
2012;5809;Roma UNINT;M;108
2012;5810;Roma Marconi - telematica;F;473
2012;5810;Roma Marconi - telematica;M;939
2012;5811;Roma UNITELMA - telematica;F;95
2012;5811;Roma UNITELMA - telematica;M;149
2012;5812;Roma Europea;F;109
2012;5812;Roma Europea;M;60
2012;5813;Roma UNINETTUNO - telematica;F;76
2012;5813;Roma UNINETTUNO - telematica;M;84
2012;5814;Roma  Mercatorum - telematica;F;7
2012;5814;Roma  Mercatorum - telematica;M;10
2012;5815;Roma UNICUSANO - telematica;F;579
2012;5815;Roma UNICUSANO - telematica;M;1053
2012;5816;Roma San Raffaele - telematica;F;2
2012;5816;Roma San Raffaele - telematica;M;3
2012;6001;Cassino;F;954
2012;6001;Cassino;M;633
2012;6201;Sannio;F;452
2012;6201;Sannio;M;400
2012;6202;Benevento Giustino Fortunato - telematica;F;31
2012;6202;Benevento Giustino Fortunato - telematica;M;79
2012;6301;Napoli Federico II;F;7312
2012;6301;Napoli Federico II;M;5563
2012;6302;Napoli Parthenope;F;912
2012;6302;Napoli Parthenope;M;1123
2012;6303;Napoli L'Orientale;F;1401
2012;6303;Napoli L'Orientale;M;351
2012;6304;Napoli Benincasa;F;1620
2012;6304;Napoli Benincasa;M;287
2012;6306;Napoli Vanvitelli;F;2760
2012;6306;Napoli Vanvitelli;M;1762
2012;6307;Napoli Pegaso - telematica;F;491
2012;6307;Napoli Pegaso - telematica;M;1316
2012;6501;Salerno;F;2849
2012;6501;Salerno;M;1679
2012;6601;L'Aquila;F;1744
2012;6601;L'Aquila;M;1386
2012;6701;Teramo;F;541
2012;6701;Teramo;M;441
2012;6901;Chieti e Pescara;F;3572
2012;6901;Chieti e Pescara;M;1580
2012;6902;Torrevecchia Teatina Leonardo da Vinci - telematica;F;36
2012;6902;Torrevecchia Teatina Leonardo da Vinci - telematica;M;23
2012;7001;Molise;F;760
2012;7001;Molise;M;468
2012;7101;Foggia;F;899
2012;7101;Foggia;M;502
2012;7201;Bari;F;5393
2012;7201;Bari;M;2497
2012;7202;Bari Politecnico;F;543
2012;7202;Bari Politecnico;M;1171
2012;7203;Casamassima - G.Degennaro;F;103
2012;7203;Casamassima - G.Degennaro;M;120
2012;7501;Salento;F;2693
2012;7501;Salento;M;1126
2012;7601;Basilicata;F;581
2012;7601;Basilicata;M;358
2012;7801;Calabria;F;2931
2012;7801;Calabria;M;1801
2012;7901;Catanzaro;F;869
2012;7901;Catanzaro;M;484
2012;8001;Reggio Calabria;F;466
2012;8001;Reggio Calabria;M;515
2012;8003;Reggio Calabria - Dante Alighieri;F;51
2012;8003;Reggio Calabria - Dante Alighieri;M;16
2012;8201;Palermo;F;5342
2012;8201;Palermo;M;3185
2012;8301;Messina;F;3107
2012;8301;Messina;M;1703
2012;8601;Enna KORE;F;670
2012;8601;Enna KORE;M;292
2012;8701;Catania;F;4807
2012;8701;Catania;M;2910
2012;9001;Sassari;F;1498
2012;9001;Sassari;M;713
2012;9201;Cagliari;F;3130
2012;9201;Cagliari;M;1695
2011;101;Torino;F;7008
2011;101;Torino;M;4047
2011;102;Torino Politecnico;F;1578
2011;102;Torino Politecnico;M;3361
2011;201;Piemonte Orientale;F;1064
2011;201;Piemonte Orientale;M;515
2011;401;Bra Scienze Gastronomiche;F;33
2011;401;Bra Scienze Gastronomiche;M;28
2011;701;Aosta;F;132
2011;701;Aosta;M;36
2011;1001;Genova;F;3375
2011;1001;Genova;M;2541
2011;1201;Castellanza LIUC;F;191
2011;1201;Castellanza LIUC;M;340
2011;1202;Insubria;F;903
2011;1202;Insubria;M;612
2011;1301;Novedrate e-Campus - telematica;F;142
2011;1301;Novedrate e-Campus - telematica;M;183
2011;1501;Milano;F;5911
2011;1501;Milano;M;3715
2011;1502;Milano Politecnico;F;3279
2011;1502;Milano Politecnico;M;5654
2011;1503;Milano Bocconi;F;1912
2011;1503;Milano Bocconi;M;2171
2011;1504;Milano Cattolica;F;6005
2011;1504;Milano Cattolica;M;2807
2011;1505;Milano IULM;F;723
2011;1505;Milano IULM;M;295
2011;1508;Milano San Raffaele;F;373
2011;1508;Milano San Raffaele;M;183
2011;1509;Milano Bicocca;F;3604
2011;1509;Milano Bicocca;M;1903
2011;1601;Bergamo;F;1606
2011;1601;Bergamo;M;929
2011;1701;Brescia;F;1185
2011;1701;Brescia;M;1184
2011;1801;Pavia;F;2452
2011;1801;Pavia;M;1741
2011;2101;Bolzano;F;472
2011;2101;Bolzano;M;158
2011;2201;Trento;F;1445
2011;2201;Trento;M;1218
2011;2301;Verona;F;2765
2011;2301;Verona;M;1266
2011;2701;Venezia Cà Foscari;F;2437
2011;2701;Venezia Cà Foscari;M;1124
2011;2702;Venezia Iuav;F;783
2011;2702;Venezia Iuav;M;731
2011;2801;Padova;F;6724
2011;2801;Padova;M;4933
2011;3001;Udine;F;1703
2011;3001;Udine;M;1237
2011;3201;Trieste;F;1917
2011;3201;Trieste;M;1315
2011;3401;Parma;F;2669
2011;3401;Parma;M;2050
2011;3601;Modena e Reggio Emilia;F;2083
2011;3601;Modena e Reggio Emilia;M;1560
2011;3701;Bologna;F;9111
2011;3701;Bologna;M;6039
2011;3801;Ferrara;F;1632
2011;3801;Ferrara;M;1307
2011;4101;Urbino;F;1863
2011;4101;Urbino;M;903
2011;4201;Marche;F;1423
2011;4201;Marche;M;1431
2011;4301;Macerata;F;1392
2011;4301;Macerata;M;434
2011;4302;Camerino;F;488
2011;4302;Camerino;M;531
2011;4801;Firenze;F;5437
2011;4801;Firenze;M;3970
2011;4804;Firenze IUL - telematica;F;1
2011;5001;Pisa;F;3520
2011;5001;Pisa;M;3243
2011;5201;Siena;F;2032
2011;5201;Siena;M;1334
2011;5202;Siena Stranieri;F;118
2011;5202;Siena Stranieri;M;19
2011;5401;Perugia;F;2938
2011;5401;Perugia;M;2053
2011;5403;Perugia Stranieri;F;236
2011;5403;Perugia Stranieri;M;153
2011;5601;Tuscia;F;670
2011;5601;Tuscia;M;1083
2011;5801;Roma La Sapienza;F;12623
2011;5801;Roma La Sapienza;M;7472
2011;5802;Roma Tor Vergata;F;2886
2011;5802;Roma Tor Vergata;M;2411
2011;5803;Roma LUMSA;F;1047
2011;5803;Roma LUMSA;M;381
2011;5805;Roma LUISS;F;1090
2011;5805;Roma LUISS;M;972
2011;5806;Roma Foro Italico;F;86
2011;5806;Roma Foro Italico;M;176
2011;5807;Roma Tre;F;3142
2011;5807;Roma Tre;M;2067
2011;5808;Roma Biomedico;F;132
2011;5808;Roma Biomedico;M;101
2011;5809;Roma UNINT;F;216
2011;5809;Roma UNINT;M;141
2011;5810;Roma Marconi - telematica;F;387
2011;5810;Roma Marconi - telematica;M;965
2011;5811;Roma UNITELMA - telematica;F;99
2011;5811;Roma UNITELMA - telematica;M;138
2011;5812;Roma Europea;F;109
2011;5812;Roma Europea;M;65
2011;5813;Roma UNINETTUNO - telematica;F;44
2011;5813;Roma UNINETTUNO - telematica;M;59
2011;5814;Roma  Mercatorum - telematica;F;12
2011;5814;Roma  Mercatorum - telematica;M;11
2011;5815;Roma UNICUSANO - telematica;F;482
2011;5815;Roma UNICUSANO - telematica;M;1246
2011;5816;Roma San Raffaele - telematica;M;7
2011;6001;Cassino;F;892
2011;6001;Cassino;M;599
2011;6201;Sannio;F;406
2011;6201;Sannio;M;359
2011;6202;Benevento Giustino Fortunato - telematica;F;35
2011;6202;Benevento Giustino Fortunato - telematica;M;58
2011;6301;Napoli Federico II;F;6881
2011;6301;Napoli Federico II;M;5188
2011;6302;Napoli Parthenope;F;927
2011;6302;Napoli Parthenope;M;1070
2011;6303;Napoli L'Orientale;F;1439
2011;6303;Napoli L'Orientale;M;363
2011;6304;Napoli Benincasa;F;1573
2011;6304;Napoli Benincasa;M;287
2011;6306;Napoli Vanvitelli;F;2541
2011;6306;Napoli Vanvitelli;M;1806
2011;6307;Napoli Pegaso - telematica;F;504
2011;6307;Napoli Pegaso - telematica;M;1427
2011;6501;Salerno;F;2738
2011;6501;Salerno;M;1656
2011;6601;L'Aquila;F;1992
2011;6601;L'Aquila;M;1239
2011;6701;Teramo;F;486
2011;6701;Teramo;M;593
2011;6901;Chieti e Pescara;F;3576
2011;6901;Chieti e Pescara;M;1689
2011;6902;Torrevecchia Teatina Leonardo da Vinci - telematica;F;38
2011;6902;Torrevecchia Teatina Leonardo da Vinci - telematica;M;25
2011;7001;Molise;F;1050
2011;7001;Molise;M;624
2011;7101;Foggia;F;984
2011;7101;Foggia;M;473
2011;7201;Bari;F;5207
2011;7201;Bari;M;2428
2011;7202;Bari Politecnico;F;463
2011;7202;Bari Politecnico;M;1088
2011;7203;Casamassima - G.Degennaro;F;85
2011;7203;Casamassima - G.Degennaro;M;134
2011;7501;Salento;F;2849
2011;7501;Salento;M;1111
2011;7601;Basilicata;F;561
2011;7601;Basilicata;M;404
2011;7801;Calabria;F;2973
2011;7801;Calabria;M;1794
2011;7901;Catanzaro;F;989
2011;7901;Catanzaro;M;614
2011;8001;Reggio Calabria;F;481
2011;8001;Reggio Calabria;M;533
2011;8003;Reggio Calabria - Dante Alighieri;F;23
2011;8003;Reggio Calabria - Dante Alighieri;M;6
2011;8201;Palermo;F;5049
2011;8201;Palermo;M;2954
2011;8301;Messina;F;3003
2011;8301;Messina;M;1623
2011;8601;Enna KORE;F;588
2011;8601;Enna KORE;M;269
2011;8701;Catania;F;4459
2011;8701;Catania;M;2735
2011;9001;Sassari;F;1691
2011;9001;Sassari;M;732
2011;9201;Cagliari;F;2851
2011;9201;Cagliari;M;1568
2010;101;Torino;F;7194
2010;101;Torino;M;4217
2010;102;Torino Politecnico;F;1413
2010;102;Torino Politecnico;M;3182
2010;201;Piemonte Orientale;F;1077
2010;201;Piemonte Orientale;M;598
2010;401;Bra Scienze Gastronomiche;F;30
2010;401;Bra Scienze Gastronomiche;M;33
2010;701;Aosta;F;119
2010;701;Aosta;M;42
2010;1001;Genova;F;3394
2010;1001;Genova;M;2395
2010;1201;Castellanza LIUC;F;184
2010;1201;Castellanza LIUC;M;330
2010;1202;Insubria;F;921
2010;1202;Insubria;M;652
2010;1301;Novedrate e-Campus - telematica;F;62
2010;1301;Novedrate e-Campus - telematica;M;92
2010;1501;Milano;F;5777
2010;1501;Milano;M;3884
2010;1502;Milano Politecnico;F;2898
2010;1502;Milano Politecnico;M;5264
2010;1503;Milano Bocconi;F;1848
2010;1503;Milano Bocconi;M;2202
2010;1504;Milano Cattolica;F;5830
2010;1504;Milano Cattolica;M;2687
2010;1505;Milano IULM;F;848
2010;1505;Milano IULM;M;304
2010;1508;Milano San Raffaele;F;374
2010;1508;Milano San Raffaele;M;173
2010;1509;Milano Bicocca;F;3088
2010;1509;Milano Bicocca;M;1645
2010;1601;Bergamo;F;1591
2010;1601;Bergamo;M;857
2010;1701;Brescia;F;1106
2010;1701;Brescia;M;1122
2010;1801;Pavia;F;2385
2010;1801;Pavia;M;1650
2010;2101;Bolzano;F;395
2010;2101;Bolzano;M;135
2010;2201;Trento;F;1216
2010;2201;Trento;M;1203
2010;2301;Verona;F;2617
2010;2301;Verona;M;1288
2010;2701;Venezia Cà Foscari;F;2371
2010;2701;Venezia Cà Foscari;M;1180
2010;2702;Venezia Iuav;F;859
2010;2702;Venezia Iuav;M;714
2010;2801;Padova;F;6695
2010;2801;Padova;M;4833
2010;3001;Udine;F;1624
2010;3001;Udine;M;1229
2010;3201;Trieste;F;1971
2010;3201;Trieste;M;1291
2010;3401;Parma;F;2655
2010;3401;Parma;M;1899
2010;3601;Modena e Reggio Emilia;F;2086
2010;3601;Modena e Reggio Emilia;M;1496
2010;3701;Bologna;F;8681
2010;3701;Bologna;M;6167
2010;3801;Ferrara;F;1484
2010;3801;Ferrara;M;1217
2010;4101;Urbino;F;1823
2010;4101;Urbino;M;989
2010;4201;Marche;F;1310
2010;4201;Marche;M;1405
2010;4301;Macerata;F;1291
2010;4301;Macerata;M;457
2010;4302;Camerino;F;522
2010;4302;Camerino;M;542
2010;4801;Firenze;F;5443
2010;4801;Firenze;M;3950
2010;4804;Firenze IUL - telematica;F;11
2010;4804;Firenze IUL - telematica;M;2
2010;5001;Pisa;F;3490
2010;5001;Pisa;M;3198
2010;5201;Siena;F;1915
2010;5201;Siena;M;1324
2010;5202;Siena Stranieri;F;88
2010;5202;Siena Stranieri;M;17
2010;5401;Perugia;F;2907
2010;5401;Perugia;M;2046
2010;5403;Perugia Stranieri;F;258
2010;5403;Perugia Stranieri;M;150
2010;5601;Tuscia;F;635
2010;5601;Tuscia;M;1227
2010;5801;Roma La Sapienza;F;11996
2010;5801;Roma La Sapienza;M;7395
2010;5802;Roma Tor Vergata;F;2706
2010;5802;Roma Tor Vergata;M;2317
2010;5803;Roma LUMSA;F;1028
2010;5803;Roma LUMSA;M;445
2010;5805;Roma LUISS;F;1051
2010;5805;Roma LUISS;M;1003
2010;5806;Roma Foro Italico;F;106
2010;5806;Roma Foro Italico;M;150
2010;5807;Roma Tre;F;3370
2010;5807;Roma Tre;M;2192
2010;5808;Roma Biomedico;F;111
2010;5808;Roma Biomedico;M;90
2010;5809;Roma UNINT;F;172
2010;5809;Roma UNINT;M;121
2010;5810;Roma Marconi - telematica;F;394
2010;5810;Roma Marconi - telematica;M;1078
2010;5811;Roma UNITELMA - telematica;F;83
2010;5811;Roma UNITELMA - telematica;M;176
2010;5812;Roma Europea;F;61
2010;5812;Roma Europea;M;35
2010;5813;Roma UNINETTUNO - telematica;F;35
2010;5813;Roma UNINETTUNO - telematica;M;51
2010;5814;Roma  Mercatorum - telematica;F;7
2010;5814;Roma  Mercatorum - telematica;M;15
2010;5815;Roma UNICUSANO - telematica;F;282
2010;5815;Roma UNICUSANO - telematica;M;325
2010;5816;Roma San Raffaele - telematica;F;1
2010;5816;Roma San Raffaele - telematica;M;4
2010;6001;Cassino;F;913
2010;6001;Cassino;M;626
2010;6201;Sannio;F;400
2010;6201;Sannio;M;326
2010;6202;Benevento Giustino Fortunato - telematica;F;26
2010;6202;Benevento Giustino Fortunato - telematica;M;42
2010;6301;Napoli Federico II;F;6785
2010;6301;Napoli Federico II;M;5123
2010;6302;Napoli Parthenope;F;1050
2010;6302;Napoli Parthenope;M;1053
2010;6303;Napoli L'Orientale;F;1378
2010;6303;Napoli L'Orientale;M;358
2010;6304;Napoli Benincasa;F;1462
2010;6304;Napoli Benincasa;M;309
2010;6306;Napoli Vanvitelli;F;2517
2010;6306;Napoli Vanvitelli;M;1802
2010;6307;Napoli Pegaso - telematica;F;353
2010;6307;Napoli Pegaso - telematica;M;255
2010;6501;Salerno;F;2654
2010;6501;Salerno;M;1627
2010;6601;L'Aquila;F;1881
2010;6601;L'Aquila;M;1314
2010;6701;Teramo;F;520
2010;6701;Teramo;M;475
2010;6901;Chieti e Pescara;F;2956
2010;6901;Chieti e Pescara;M;1553
2010;6902;Torrevecchia Teatina Leonardo da Vinci - telematica;F;35
2010;6902;Torrevecchia Teatina Leonardo da Vinci - telematica;M;19
2010;7001;Molise;F;745
2010;7001;Molise;M;485
2010;7101;Foggia;F;908
2010;7101;Foggia;M;485
2010;7201;Bari;F;5265
2010;7201;Bari;M;2476
2010;7202;Bari Politecnico;F;444
2010;7202;Bari Politecnico;M;1013
2010;7203;Casamassima - G.Degennaro;F;92
2010;7203;Casamassima - G.Degennaro;M;114
2010;7501;Salento;F;2758
2010;7501;Salento;M;1124
2010;7601;Basilicata;F;556
2010;7601;Basilicata;M;371
2010;7801;Calabria;F;2709
2010;7801;Calabria;M;1747
2010;7901;Catanzaro;F;1220
2010;7901;Catanzaro;M;660
2010;8001;Reggio Calabria;F;465
2010;8001;Reggio Calabria;M;469
2010;8003;Reggio Calabria - Dante Alighieri;F;12
2010;8003;Reggio Calabria - Dante Alighieri;M;4
2010;8201;Palermo;F;4601
2010;8201;Palermo;M;2809
2010;8301;Messina;F;3020
2010;8301;Messina;M;1590
2010;8601;Enna KORE;F;405
2010;8601;Enna KORE;M;311
2010;8701;Catania;F;4366
2010;8701;Catania;M;2709
2010;9001;Sassari;F;1150
2010;9001;Sassari;M;610
2010;9201;Cagliari;F;2649
2010;9201;Cagliari;M;1447
