specie,colore,n_arti,peso,altezza,larghezza
Robby,viola,20.0,3.87,14.77,73.22
Robby,viola,27.0,3.15,28.19,88.44
Robby,viola,25.0,4.35,12.05,76.74
Robby,blu,20.0,3.76,9.9,81.37
Robby,blu,28.0,2.86,19.87,84.65
Robby,viola,24.0,3.14,13.12,81.13
Robby,blu,21.0,3.11,11.97,86.72
Robby,rosso,21.0,3.97,26.51,62.03
Robby,blu,20.0,3.22,24.74,68.19
Robby,blu,27.0,3.02,18.94,87.42
Robby,blu,27.0,3.72,12.75,80.61
Robby,blu,25.0,3.26,,84.69
Robby,rosso,28.0,2.97,22.91,98.09
Robby,viola,25.0,3.09,13.17,75.86
Robby,viola,26.0,3.44,15.42,80.75
Robby,viola,21.0,2.5,17.0,102.19
Robby,viola,23.0,3.12,12.13,96.34
Robby,blu,26.0,3.53,16.05,112.97
Robby,viola,23.0,3.6,18.81,101.01
Robby,rosso,20.0,3.04,16.55,77.28
Robby,rosso,24.0,3.71,15.54,95.74
Robby,blu,28.0,3.19,14.88,86.47
Robby,blu,21.0,3.36,15.64,74.47
Robby,viola,28.0,3.35,15.85,87.0
Robby,viola,24.0,2.77,18.18,104.8
Robby,rosso,28.0,3.26,19.94,77.11
Robby,rosso,20.0,3.85,22.13,76.35
Robby,rosso,25.0,3.57,16.55,101.9
Robby,viola,21.0,4.38,19.83,73.43
Robby,viola,23.0,3.46,15.39,76.81
Robby,rosso,24.0,2.99,26.01,91.96
Robby,rosso,24.0,3.28,17.27,78.08
Robby,rosso,29.0,4.15,16.01,91.87
Robby,blu,20.0,3.29,18.35,77.76
Robby,viola,26.0,3.46,22.58,87.33
Robby,blu,20.0,3.14,14.08,72.77
Robby,rosso,27.0,3.67,18.8,67.99
Robby,rosso,22.0,2.65,13.85,61.28
Robby,blu,,3.36,18.41,93.07
Robby,blu,28.0,3.8,18.69,77.29
Robby,rosso,25.0,4.55,17.93,80.0
Robby,viola,24.0,3.56,15.6,78.81
Robby,blu,24.0,3.91,10.84,99.31
Robby,rosso,21.0,3.58,16.62,104.36
Robby,blu,23.0,3.74,19.49,85.06
Robby,viola,22.0,4.46,17.37,64.93
Robby,rosso,27.0,2.58,12.59,98.34
Robby,blu,21.0,3.56,14.41,89.15
Robby,viola,28.0,2.38,20.85,97.36
Robby,blu,29.0,2.84,27.4,68.55
Robby,viola,20.0,3.68,12.43,93.81
Robby,viola,24.0,4.19,19.66,88.56
Robby,blu,27.0,3.17,23.36,74.51
Robby,rosso,22.0,3.38,14.31,85.61
Robby,blu,25.0,3.65,18.59,89.62
Robby,rosso,23.0,2.93,14.93,96.36
Robby,viola,26.0,2.66,13.38,70.95
Robby,rosso,24.0,3.26,10.67,67.72
Robby,blu,24.0,3.76,23.46,83.51
Robby,blu,20.0,3.04,17.57,83.66
Robby,rosso,29.0,4.01,11.57,80.55
Robby,rosso,20.0,3.47,14.65,92.07
Robby,viola,29.0,4.59,11.14,76.43
Robby,blu,29.0,4.23,21.69,98.42
Robby,viola,21.0,3.64,18.89,101.62
Robby,rosso,23.0,4.18,18.65,77.3
Robby,blu,23.0,3.37,12.54,79.38
Robby,viola,23.0,3.17,14.8,80.41
Robby,rosso,29.0,3.53,22.5,74.47
Robby,rosso,27.0,3.15,21.47,80.25
Robby,viola,24.0,4.42,15.53,107.35
Robby,blu,25.0,3.83,16.29,56.36
Robby,blu,27.0,3.43,16.68,90.53
Robby,viola,21.0,2.22,20.8,71.21
Robby,blu,23.0,3.3,18.16,62.27
Robby,blu,28.0,3.87,10.67,94.55
Robby,viola,23.0,3.42,14.88,86.18
Robby,rosso,26.0,3.53,24.83,79.6
Robby,viola,28.0,3.3,18.97,64.49
Robby,viola,24.0,3.39,,86.97
Robby,viola,28.0,2.45,21.29,86.87
Robby,rosso,21.0,3.28,21.91,81.56
Robby,blu,28.0,3.2,14.01,85.76
Robby,blu,28.0,3.46,16.88,63.38
Robby,blu,24.0,4.38,19.3,83.04
Robby,blu,25.0,4.02,16.56,94.49
Robby,blu,27.0,3.45,19.27,89.95
Robby,viola,26.0,4.12,16.09,80.33
Robby,blu,20.0,3.5,20.13,79.28
Robby,rosso,25.0,3.55,20.33,91.08
Robby,viola,23.0,3.02,15.12,87.96
Robby,rosso,23.0,3.84,21.64,96.72
Robby,blu,27.0,3.84,11.75,91.03
Robby,blu,23.0,3.64,9.18,93.85
Robby,blu,28.0,3.7,10.31,84.89
Robby,blu,27.0,3.34,17.46,80.56
Robby,viola,29.0,3.67,20.65,80.58
Robby,blu,29.0,4.14,14.54,80.44
Robby,blu,20.0,3.21,14.21,89.06
Robby,rosso,22.0,2.34,25.49,72.14
Robby,viola,24.0,4.73,21.31,87.02
Robby,blu,21.0,3.31,9.66,79.84
Robby,blu,21.0,3.97,15.66,99.9
Robby,viola,25.0,2.92,15.82,88.98
Robby,rosso,20.0,3.32,20.99,96.0
Robby,rosso,26.0,3.7,10.52,88.29
Robby,viola,23.0,4.1,25.05,86.1
Robby,viola,23.0,2.65,23.39,90.2
Robby,rosso,27.0,4.74,20.34,108.04
Robby,rosso,25.0,3.24,20.07,81.5
Robby,blu,28.0,3.63,22.18,108.54
Robby,blu,28.0,3.32,20.38,82.88
Robby,rosso,26.0,2.66,18.75,75.03
Robby,blu,22.0,3.1,16.06,87.62
Robby,blu,23.0,3.7,12.01,94.09
Robby,viola,24.0,3.61,13.7,102.81
Robby,blu,25.0,3.17,18.51,99.84
Robby,blu,23.0,3.72,20.8,76.47
Robby,blu,25.0,4.03,16.38,75.39
Robby,rosso,24.0,2.77,13.9,79.65
Robby,blu,28.0,3.38,24.26,89.85
Robby,viola,29.0,2.2,13.41,61.83
Robby,rosso,29.0,2.46,15.03,95.24
Robby,rosso,26.0,3.56,11.46,93.73
Robby,rosso,29.0,3.23,11.02,74.24
Robby,rosso,28.0,3.88,15.3,93.89
Robby,rosso,24.0,3.29,17.94,90.92
Robby,viola,28.0,3.8,14.91,103.21
Robby,viola,22.0,3.6,25.71,77.07
Robby,blu,26.0,3.37,21.5,95.32
Robby,blu,23.0,2.96,15.65,77.13
Robby,rosso,23.0,2.98,7.01,101.66
Robby,viola,26.0,2.94,21.52,74.91
Robby,viola,20.0,3.77,19.57,98.81
Robby,viola,26.0,3.77,16.29,64.24
Robby,blu,20.0,3.35,11.67,79.36
Robby,viola,26.0,3.89,24.8,96.65
Robby,rosso,22.0,3.53,20.53,75.45
Robby,viola,22.0,3.32,29.19,92.34
Robby,blu,24.0,2.21,14.66,79.21
Robby,viola,22.0,3.93,13.61,81.0
Robby,rosso,28.0,4.17,21.39,87.23
Robby,blu,28.0,2.87,11.99,78.65
Robby,rosso,20.0,4.14,16.61,72.33
Robby,viola,29.0,3.23,15.78,87.25
Robby,viola,23.0,3.43,22.63,95.28
Robby,rosso,28.0,4.07,15.95,93.14
Robby,rosso,28.0,3.86,14.14,76.2
Robby,viola,23.0,2.38,16.92,88.3
Robby,rosso,22.0,3.82,11.65,90.62
Robby,viola,29.0,3.91,10.41,97.87
Robby,blu,29.0,3.42,12.48,79.38
Robby,viola,20.0,3.46,16.83,93.59
Robby,blu,26.0,3.49,23.19,74.38
Robby,viola,28.0,3.39,14.87,
Robby,rosso,28.0,3.04,23.59,80.66
Robby,blu,21.0,4.1,20.04,106.66
Robby,blu,27.0,3.58,22.39,104.09
Robby,blu,29.0,3.6,16.55,78.24
Robby,blu,22.0,3.57,18.51,67.41
Robby,blu,23.0,2.97,19.73,77.47
Robby,rosso,25.0,4.68,13.12,80.25
Robby,viola,25.0,4.32,22.51,108.54
Robby,rosso,25.0,3.36,13.57,73.61
Robby,blu,27.0,3.13,23.81,89.67
Robby,rosso,27.0,3.39,12.79,85.83
Robby,viola,27.0,3.12,17.36,85.22
Robby,viola,27.0,3.04,18.72,95.56
Robby,viola,27.0,3.56,19.87,91.14
Robby,rosso,28.0,3.61,17.36,69.89
Robby,blu,26.0,3.56,20.04,72.62
Robby,viola,20.0,3.48,12.3,85.11
Robby,blu,21.0,3.72,23.62,91.3
Robby,blu,29.0,3.25,13.78,85.46
Robby,blu,29.0,3.45,17.08,84.58
Robby,blu,26.0,3.16,14.16,91.27
Robby,rosso,27.0,4.33,20.24,87.26
Robby,blu,22.0,3.87,16.95,86.95
Robby,rosso,22.0,3.91,9.94,75.13
Robby,rosso,24.0,3.83,10.57,89.69
Robby,blu,21.0,3.87,20.41,85.15
Robby,blu,21.0,3.99,14.36,77.87
Robby,rosso,20.0,2.29,16.18,90.89
Robby,viola,25.0,3.02,20.3,88.21
Robby,blu,20.0,3.65,12.58,87.25
Robby,rosso,21.0,4.28,19.39,76.03
Robby,blu,28.0,3.21,17.12,98.97
Robby,viola,24.0,4.09,19.79,89.62
Robby,rosso,23.0,3.08,19.69,84.69
Robby,blu,20.0,2.94,20.43,52.16
Robby,blu,23.0,2.55,22.08,83.13
Robby,rosso,28.0,3.48,27.99,90.62
Robby,blu,23.0,3.11,12.81,85.53
Robby,rosso,26.0,3.47,17.18,87.1
Robby,rosso,24.0,3.72,17.14,67.2
Robby,rosso,23.0,3.42,15.02,84.68
Robby,rosso,26.0,4.13,16.38,102.92
Robby,blu,25.0,3.75,21.13,78.24
Robby,viola,22.0,3.94,20.87,86.7
Robby,blu,25.0,3.59,18.45,77.49
Robby,rosso,29.0,3.63,17.11,86.04
Robby,viola,29.0,3.12,15.56,93.76
Robby,blu,24.0,4.27,6.0,70.02
Robby,viola,27.0,2.97,21.92,85.79
Robby,blu,26.0,2.95,21.34,81.41
Robby,rosso,24.0,3.57,20.14,80.27
Robby,viola,22.0,2.41,17.38,75.3
Robby,blu,28.0,3.61,20.13,74.47
Robby,rosso,29.0,2.9,16.38,79.71
Robby,blu,29.0,4.05,19.89,81.81
Robby,rosso,26.0,3.32,21.72,70.51
Robby,rosso,26.0,3.84,19.36,84.89
Robby,rosso,20.0,3.46,19.36,91.01
Robby,blu,29.0,4.21,17.91,68.12
Robby,rosso,24.0,2.77,7.15,78.63
Robby,viola,25.0,3.61,17.56,100.53
Robby,viola,25.0,3.28,17.6,73.24
Robby,blu,24.0,2.97,22.79,95.05
Robby,blu,27.0,3.44,13.69,87.75
Robby,viola,22.0,4.21,24.36,83.89
Robby,blu,22.0,2.92,15.25,108.39
Robby,rosso,20.0,4.08,17.02,87.5
Robby,viola,21.0,3.9,17.05,73.27
Robby,blu,26.0,2.94,15.6,80.82
Robby,rosso,21.0,3.44,4.98,97.52
Robby,viola,28.0,2.51,14.03,88.07
Robby,viola,28.0,3.22,15.87,69.57
Robby,rosso,25.0,4.46,22.3,96.85
Robby,rosso,22.0,3.68,,109.25
Robby,blu,29.0,3.56,13.62,97.5
Robby,blu,25.0,4.63,10.84,81.5
Robby,rosso,22.0,4.15,17.04,75.39
Robby,viola,23.0,3.72,18.45,93.85
Robby,blu,26.0,3.82,14.12,83.11
Robby,rosso,21.0,3.62,15.8,85.99
Robby,blu,25.0,3.47,19.8,71.9
Robby,viola,29.0,3.6,13.59,87.77
Robby,viola,24.0,2.9,16.54,83.56
Robby,rosso,27.0,2.62,13.83,83.56
Robby,rosso,29.0,3.02,12.51,102.94
Robby,rosso,20.0,2.79,14.89,77.49
Robby,blu,24.0,4.0,13.31,89.61
Robby,blu,20.0,3.29,21.63,91.6
Robby,rosso,23.0,5.05,17.16,81.55
Robby,rosso,22.0,3.32,16.21,81.45
Robby,viola,21.0,3.61,16.32,89.48
Robby,rosso,22.0,4.28,21.11,72.1
Robby,blu,23.0,3.13,19.59,90.32
Robby,rosso,24.0,3.53,26.66,70.72
Robby,viola,22.0,2.89,18.91,94.27
Robby,viola,23.0,4.46,15.34,98.51
Robby,rosso,25.0,3.63,28.86,67.93
Robby,rosso,22.0,4.25,19.33,85.08
Robby,blu,20.0,3.48,19.92,100.55
Robby,viola,22.0,3.27,9.98,81.26
Robby,blu,23.0,3.7,20.02,69.04
Robby,viola,22.0,4.18,16.48,95.64
Robby,rosso,28.0,3.28,20.2,82.83
Robby,rosso,22.0,3.62,13.68,90.78
Robby,blu,21.0,4.29,16.13,100.72
Robby,viola,28.0,4.25,14.79,83.14
Robby,blu,22.0,3.5,15.96,84.72
Robby,rosso,27.0,3.53,17.76,97.78
Robby,viola,25.0,4.29,20.85,65.63
Robby,blu,25.0,3.55,17.03,93.38
Robby,viola,29.0,2.21,15.97,96.74
Robby,blu,20.0,3.35,8.0,82.9
Robby,viola,26.0,3.78,14.42,79.59
Robby,rosso,23.0,4.03,17.73,89.93
Robby,rosso,28.0,2.95,18.07,86.81
Robby,rosso,23.0,4.76,24.2,79.59
Robby,blu,21.0,3.58,13.52,84.78
Robby,blu,21.0,3.18,13.05,69.0
Robby,viola,21.0,3.04,20.08,65.27
Robby,blu,29.0,3.33,9.8,81.26
Robby,rosso,23.0,2.79,25.43,77.07
Robby,viola,26.0,3.92,17.31,66.42
Robby,viola,28.0,3.6,20.9,52.9
Robby,viola,29.0,3.8,15.17,87.07
Robby,rosso,23.0,4.36,18.61,65.63
Robby,rosso,23.0,3.95,15.02,87.78
Robby,viola,25.0,3.23,19.04,100.53
Robby,viola,24.0,3.78,20.19,117.45
Robby,blu,23.0,4.06,25.06,69.34
Robby,rosso,23.0,3.19,14.83,73.68
Robby,viola,21.0,3.22,21.9,90.37
Robby,rosso,22.0,3.52,15.82,60.52
Robby,viola,20.0,3.24,13.5,84.32
Robby,blu,22.0,2.52,23.97,78.45
Robby,viola,20.0,3.69,21.97,87.44
Robby,blu,29.0,3.48,15.16,100.02
Robby,rosso,23.0,3.29,15.93,84.9
Robby,rosso,23.0,3.23,18.98,102.12
Robby,blu,29.0,4.11,21.07,75.9
Robby,viola,24.0,3.73,12.96,82.61
Robby,blu,25.0,3.23,16.34,89.26
Robby,viola,20.0,3.69,21.89,95.3
Robby,blu,28.0,3.57,13.51,76.09
Robby,viola,28.0,3.59,22.45,89.58
Robby,blu,27.0,2.83,19.95,94.82
Robby,viola,26.0,3.14,11.32,93.97
Robby,viola,25.0,3.28,12.99,65.63
Robby,viola,20.0,3.08,9.46,86.95
Robby,rosso,21.0,3.27,16.45,81.48
Robby,rosso,23.0,2.61,16.6,76.36
Robby,rosso,29.0,3.31,26.32,94.91
Robby,viola,25.0,3.83,19.46,92.01
Robby,blu,24.0,3.29,14.35,68.87
Robby,viola,26.0,3.63,19.83,59.64
Robby,viola,22.0,4.2,21.19,89.69
Robby,viola,27.0,3.03,12.43,93.48
Robby,rosso,29.0,2.59,16.9,81.22
Robby,rosso,24.0,3.71,16.23,110.9
Robby,rosso,21.0,3.84,17.01,70.98
Robby,viola,28.0,2.65,13.78,85.34
Robby,blu,23.0,3.68,18.76,73.63
Robby,blu,28.0,3.32,22.84,93.53
Robby,viola,29.0,4.18,15.16,87.68
Robby,viola,23.0,3.93,9.56,106.75
Robby,rosso,23.0,3.73,13.67,92.19
Robby,viola,28.0,3.78,19.43,81.51
Robby,rosso,26.0,2.88,11.68,54.19
Robby,rosso,22.0,3.1,24.1,102.78
Robby,rosso,28.0,3.5,13.71,99.74
Robby,viola,23.0,2.98,22.85,82.67
Robby,blu,23.0,3.52,21.29,99.75
Robby,rosso,26.0,3.41,12.09,81.44
Robby,blu,20.0,4.24,19.46,85.54
Robby,viola,26.0,4.64,21.79,77.92
Robby,viola,24.0,3.6,13.91,102.03
Robby,blu,28.0,3.81,20.65,86.95
Robby,blu,23.0,4.0,11.45,102.17
Robby,rosso,23.0,3.23,13.4,82.25
Robby,rosso,29.0,3.38,15.73,86.79
Robby,viola,23.0,3.88,19.6,82.7
Robby,blu,20.0,3.63,18.94,76.42
Robby,viola,23.0,2.92,12.84,95.78
Robby,viola,20.0,3.25,11.5,60.18
Robby,rosso,22.0,3.46,18.19,96.15
Robby,blu,25.0,3.6,13.47,103.02
Robby,blu,20.0,3.53,18.43,94.49
Robby,blu,20.0,4.01,16.45,71.28
Robby,blu,24.0,2.8,13.66,78.69
Robby,blu,20.0,3.3,22.01,98.16
Robby,rosso,23.0,3.19,20.01,84.32
Robby,viola,25.0,4.25,18.71,84.95
Robby,rosso,28.0,3.5,25.57,79.84
Robby,viola,28.0,3.17,16.12,82.45
Robby,rosso,23.0,3.5,15.05,102.52
Robby,viola,26.0,2.97,13.21,89.46
Robby,blu,27.0,3.6,13.3,88.41
Robby,blu,25.0,3.57,14.65,79.11
Robby,viola,21.0,3.1,23.77,75.54
Robby,viola,29.0,3.21,19.68,94.36
Robby,rosso,26.0,2.54,18.54,98.79
Robby,viola,24.0,3.87,18.29,85.12
Robby,rosso,20.0,2.92,11.02,88.72
Robby,blu,27.0,4.37,21.56,86.57
Robby,rosso,28.0,3.51,14.06,91.07
Robby,blu,22.0,2.96,17.95,79.45
Robby,viola,27.0,2.63,19.23,79.22
Robby,viola,29.0,3.66,25.84,88.58
Robby,rosso,24.0,3.05,19.42,100.18
Robby,rosso,29.0,3.56,18.6,77.43
Robby,blu,24.0,4.15,16.42,85.33
Robby,viola,23.0,3.48,17.22,83.43
Robby,rosso,20.0,3.29,21.63,82.25
Robby,rosso,27.0,2.98,16.9,74.32
Robby,viola,23.0,3.14,21.05,84.01
Robby,rosso,29.0,3.53,16.65,80.6
Robby,blu,29.0,4.27,17.08,81.39
Robby,blu,24.0,2.78,21.38,98.69
Robby,blu,21.0,3.24,12.52,98.59
Robby,viola,29.0,3.37,20.39,88.27
Robby,rosso,27.0,3.84,16.75,79.03
Robby,rosso,28.0,3.66,28.7,79.34
Robby,viola,26.0,3.01,21.95,74.95
Robby,rosso,25.0,3.89,19.64,87.43
Robby,rosso,29.0,3.71,3.17,90.21
Robby,viola,26.0,3.39,15.35,71.62
Robby,viola,20.0,3.68,14.96,67.53
Robby,blu,26.0,4.07,16.25,90.47
Robby,rosso,29.0,3.39,12.53,85.74
Robby,viola,21.0,4.67,16.88,82.34
Robby,rosso,28.0,3.02,15.72,95.16
Robby,viola,24.0,4.06,23.61,94.72
Robby,rosso,29.0,4.44,19.94,89.21
Robby,rosso,24.0,2.99,17.65,85.75
Robby,rosso,20.0,3.75,17.99,75.97
Robby,viola,22.0,3.76,22.95,86.13
Robby,rosso,28.0,2.65,11.82,83.14
Robby,viola,28.0,2.54,17.58,84.79
Robby,blu,20.0,4.25,17.1,95.27
Robby,rosso,29.0,4.13,23.34,86.75
Robby,blu,27.0,3.29,27.4,110.87
Robby,rosso,28.0,3.55,17.36,93.87
Robby,blu,24.0,2.83,24.95,106.82
Robby,viola,23.0,3.47,18.22,113.86
Robby,blu,22.0,3.06,15.2,68.16
Robby,blu,29.0,4.08,19.83,87.73
Robby,viola,23.0,3.33,20.71,78.95
Robby,blu,21.0,3.23,23.43,80.19
Robby,viola,28.0,3.58,12.48,61.88
Robby,rosso,24.0,2.7,12.09,83.96
Robby,blu,20.0,4.94,19.77,65.39
Robby,blu,21.0,3.48,17.95,67.54
Robby,blu,20.0,3.11,14.97,102.26
Robby,blu,24.0,2.61,19.29,78.39
Robby,rosso,20.0,3.58,16.62,70.59
Robby,blu,22.0,3.79,20.7,82.17
Robby,viola,23.0,3.26,20.65,103.03
Robby,rosso,25.0,3.54,16.71,66.73
Robby,blu,26.0,3.47,27.36,82.28
Robby,viola,22.0,4.45,17.96,96.0
Robby,blu,29.0,2.98,23.33,97.79
Robby,rosso,22.0,3.62,19.04,67.92
Robby,rosso,26.0,3.68,16.8,71.17
Robby,viola,27.0,3.47,11.94,92.76
Robby,blu,25.0,3.93,16.98,84.4
Robby,blu,20.0,4.11,16.75,105.4
Robby,viola,26.0,3.97,18.27,87.17
Robby,blu,27.0,2.52,15.79,98.53
Robby,rosso,21.0,3.44,18.67,111.31
Robby,,20.0,3.26,18.85,96.48
Robby,viola,22.0,4.03,20.98,81.12
Robby,blu,23.0,3.36,17.03,64.71
Robby,blu,22.0,3.75,22.36,91.47
Robby,viola,20.0,3.01,14.71,89.34
Robby,viola,24.0,3.95,26.55,102.27
Robby,rosso,26.0,4.73,17.88,79.97
Robby,rosso,29.0,3.48,16.25,89.27
Robby,blu,25.0,3.84,14.9,86.18
Robby,blu,23.0,3.56,16.55,91.69
Robby,blu,26.0,4.08,15.5,109.02
Robby,blu,22.0,3.87,11.79,84.69
Robby,viola,22.0,2.8,21.42,82.48
Robby,blu,24.0,3.7,18.31,95.45
Robby,viola,26.0,3.64,12.33,78.25
Robby,rosso,28.0,3.7,16.71,96.19
Robby,rosso,26.0,3.28,13.27,82.34
Robby,rosso,29.0,3.1,15.19,79.47
Robby,viola,29.0,4.07,19.04,93.57
Robby,viola,26.0,3.77,17.72,107.27
Robby,blu,24.0,3.56,19.63,84.63
Robby,rosso,21.0,3.78,20.92,92.42
Robby,rosso,26.0,2.93,17.17,72.23
Robby,rosso,29.0,3.41,24.68,73.07
Robby,rosso,29.0,3.22,17.46,82.72
Robby,blu,29.0,3.45,21.63,86.66
Robby,viola,20.0,3.77,14.27,89.79
Robby,viola,23.0,4.48,15.73,73.34
Robby,rosso,26.0,2.58,23.19,72.37
Robby,viola,29.0,2.61,17.59,85.5
Robby,viola,22.0,3.25,19.52,83.27
Robby,blu,25.0,3.31,17.6,86.11
Robby,blu,24.0,3.41,17.09,78.79
Robby,blu,29.0,4.17,17.23,110.91
Robby,rosso,26.0,2.7,14.36,81.87
Robby,blu,26.0,3.3,15.73,82.19
Robby,viola,20.0,2.94,12.99,75.44
Robby,viola,28.0,3.04,13.5,91.43
Robby,rosso,25.0,3.71,16.86,72.92
Robby,rosso,25.0,3.18,20.8,76.06
Robby,blu,26.0,3.78,15.73,92.31
Robby,blu,22.0,3.6,18.58,68.3
Robby,viola,28.0,3.25,12.9,93.8
Robby,rosso,21.0,3.5,11.46,89.76
Robby,blu,22.0,4.44,24.7,85.54
Robby,rosso,23.0,3.4,11.67,90.64
Robby,viola,28.0,3.46,17.67,76.14
Robby,rosso,21.0,3.27,25.2,69.57
Robby,rosso,23.0,3.83,24.53,87.62
Robby,blu,20.0,3.8,18.92,89.43
Robby,rosso,22.0,3.67,20.43,68.34
Robby,blu,24.0,3.29,13.28,70.38
Robby,blu,23.0,3.76,16.13,80.13
Robby,blu,23.0,3.22,18.79,72.81
Robby,rosso,25.0,3.05,20.98,80.92
Robby,blu,21.0,3.32,23.05,75.31
Robby,blu,22.0,3.79,20.34,83.39
Robby,rosso,22.0,3.63,17.78,97.35
Robby,viola,22.0,2.91,18.53,99.6
Robby,rosso,20.0,2.13,16.91,73.29
Robby,viola,21.0,2.84,14.4,83.89
Robby,blu,22.0,3.84,16.0,68.46
Robby,rosso,20.0,3.6,16.88,85.0
Robby,rosso,27.0,3.93,25.37,95.3
Robby,blu,25.0,2.39,18.15,85.92
Robby,blu,26.0,2.74,15.1,101.71
Robby,viola,28.0,2.27,21.88,67.56
Robby,blu,26.0,3.48,19.54,84.73
Robby,viola,25.0,3.8,15.15,93.84
Robby,blu,21.0,4.38,22.93,64.83
Robby,viola,24.0,3.58,19.71,67.23
Robby,rosso,22.0,2.86,23.39,103.09
Robby,viola,27.0,3.23,20.26,100.6
Robby,blu,26.0,3.69,20.42,90.46
Robby,rosso,27.0,3.26,21.86,97.37
Robby,blu,27.0,3.92,17.78,83.77
Robby,rosso,24.0,3.32,16.76,104.14
Robby,viola,27.0,3.75,16.46,80.1
Robby,viola,21.0,3.16,12.64,77.97
Robby,viola,29.0,3.05,20.34,76.17
Robby,rosso,20.0,3.96,18.64,74.4
Robby,rosso,22.0,3.58,17.6,104.74
Robby,rosso,22.0,3.55,15.04,84.93
Robby,viola,27.0,2.84,16.54,84.47
Robby,viola,28.0,3.9,20.16,72.92
Robby,viola,25.0,3.25,20.67,73.97
Robby,blu,28.0,3.47,24.47,76.49
Robby,viola,21.0,3.49,22.51,72.44
Robby,viola,23.0,3.17,15.96,92.97
Robby,viola,29.0,3.69,22.84,92.4
Robby,blu,23.0,3.69,22.99,59.45
Robby,blu,22.0,3.81,17.6,96.25
Robby,rosso,28.0,3.98,17.03,106.66
Robby,rosso,20.0,4.42,23.41,92.7
Robby,rosso,24.0,3.72,15.8,102.13
Robby,rosso,20.0,3.42,23.7,86.25
Robby,viola,24.0,3.24,20.79,87.78
Robby,viola,28.0,3.13,8.33,88.32
Robby,blu,29.0,3.3,18.19,79.92
Robby,rosso,29.0,3.66,18.49,86.79
Robby,viola,21.0,3.77,15.49,70.16
Robby,viola,27.0,3.79,19.25,78.6
Robby,rosso,28.0,3.78,13.34,96.67
Robby,blu,25.0,4.85,12.73,78.67
Robby,blu,29.0,2.89,16.85,84.17
Robby,blu,28.0,3.78,9.02,82.15
Robby,viola,29.0,4.16,14.27,79.76
Robby,rosso,22.0,3.63,15.68,90.76
Robby,rosso,22.0,4.19,11.11,81.0
Robby,viola,23.0,3.25,19.98,85.69
Robby,rosso,20.0,3.17,23.55,82.6
Robby,rosso,26.0,3.08,14.88,97.05
Robby,blu,24.0,3.94,23.58,55.92
Robby,blu,28.0,3.13,15.13,83.85
Robby,blu,21.0,3.36,24.39,86.88
Robby,rosso,26.0,3.76,18.33,86.07
Robby,viola,28.0,2.85,20.7,70.59
Robby,blu,28.0,2.84,13.76,91.71
Robby,blu,20.0,3.78,19.86,94.81
Robby,blu,26.0,3.04,18.74,86.49
Robby,blu,25.0,2.87,14.78,54.3
Robby,viola,27.0,4.77,16.49,84.23
Robby,viola,24.0,3.24,18.88,97.26
Robby,rosso,25.0,3.27,15.0,79.57
Robby,rosso,28.0,4.06,12.52,102.25
Robby,rosso,20.0,3.37,20.51,93.82
Robby,blu,20.0,2.9,16.52,80.98
Robby,rosso,24.0,3.48,10.09,77.06
Robby,rosso,25.0,3.09,17.45,77.91
Robby,blu,26.0,3.02,21.61,83.37
Robby,rosso,29.0,3.1,14.92,84.58
Robby,rosso,25.0,2.97,22.73,102.93
Robby,viola,22.0,3.81,18.85,75.83
Robby,rosso,24.0,2.86,19.67,85.11
Robby,viola,24.0,4.05,19.65,70.38
Robby,blu,24.0,3.34,11.45,68.1
Robby,rosso,27.0,3.77,27.94,98.0
Robby,rosso,27.0,2.92,21.65,100.08
Robby,rosso,25.0,3.8,8.52,89.62
Robby,rosso,25.0,3.54,18.21,77.56
Robby,blu,29.0,2.91,14.96,84.66
Robby,viola,29.0,3.36,21.68,91.1
Robby,blu,25.0,3.25,14.94,81.95
Robby,blu,21.0,2.74,15.7,75.02
Robby,blu,28.0,4.04,17.51,106.82
Robby,blu,25.0,3.46,12.45,84.22
Robby,blu,28.0,3.75,20.28,92.67
Robby,viola,26.0,2.68,17.53,71.79
Robby,rosso,29.0,3.06,17.33,83.14
Robby,viola,29.0,3.5,15.59,92.84
Robby,rosso,29.0,3.04,15.55,77.63
Robby,rosso,28.0,3.41,18.06,96.26
Robby,rosso,28.0,3.42,20.4,111.9
Robby,rosso,26.0,4.29,9.45,82.41
Robby,blu,20.0,2.91,14.31,61.02
Robby,blu,21.0,3.35,21.13,74.05
Robby,rosso,29.0,3.13,14.83,67.06
Robby,rosso,28.0,3.17,12.02,76.47
Robby,blu,24.0,3.72,12.32,65.36
Robby,blu,23.0,3.74,14.01,81.76
Robby,rosso,29.0,3.24,16.75,90.51
Robby,rosso,27.0,3.62,17.64,108.9
Robby,blu,26.0,3.38,24.2,93.08
Robby,viola,28.0,3.9,25.98,109.28
Robby,viola,23.0,4.29,18.65,83.34
Robby,viola,21.0,2.82,13.99,88.75
Robby,rosso,26.0,3.25,20.89,81.2
Robby,rosso,25.0,4.07,12.28,90.06
Robby,viola,27.0,3.64,17.21,73.51
Robby,viola,24.0,3.31,12.16,107.62
Robby,blu,28.0,3.47,9.47,70.96
Robby,viola,25.0,3.2,26.41,96.56
Robby,viola,20.0,3.04,19.11,60.45
Robby,viola,29.0,2.31,20.61,97.87
Robby,blu,26.0,3.43,15.19,87.79
Robby,rosso,28.0,3.49,16.72,108.28
Robby,viola,29.0,3.03,13.93,82.31
Robby,blu,24.0,3.4,21.7,72.58
Robby,viola,27.0,3.62,7.22,81.59
Robby,rosso,23.0,4.39,15.64,61.71
Robby,viola,22.0,3.59,11.84,80.95
Robby,rosso,27.0,3.21,17.65,75.24
Robby,viola,22.0,3.99,15.21,86.81
Robby,viola,21.0,3.93,25.72,99.91
Robby,blu,22.0,3.39,17.07,115.22
Robby,blu,24.0,3.65,14.74,80.95
Robby,viola,26.0,3.88,19.58,93.71
Robby,viola,21.0,4.2,12.25,83.05
Robby,blu,23.0,3.52,14.49,98.59
Robby,blu,23.0,2.77,14.89,79.04
Robby,blu,26.0,3.69,22.88,90.57
Robby,viola,26.0,2.73,12.03,106.64
Robby,viola,28.0,2.9,16.52,84.3
Robby,blu,21.0,4.15,14.47,76.98
Robby,viola,26.0,4.43,17.29,85.55
Robby,blu,25.0,3.91,22.99,112.48
Robby,rosso,24.0,3.28,22.29,92.93
Robby,rosso,27.0,3.73,18.24,92.91
Robby,rosso,25.0,3.32,17.17,77.15
Robby,blu,22.0,3.13,11.08,85.22
Robby,blu,28.0,3.88,18.56,68.33
Robby,rosso,22.0,3.82,21.93,59.98
Robby,blu,23.0,2.9,18.79,100.11
Robby,blu,26.0,3.28,21.5,83.37
Robby,blu,20.0,4.2,15.66,100.45
Robby,viola,29.0,2.77,13.05,65.81
Robby,blu,22.0,3.69,18.67,95.02
Robby,blu,29.0,3.68,24.06,69.28
Robby,viola,29.0,4.12,13.51,87.96
Robby,viola,22.0,3.63,21.36,97.45
Robby,rosso,29.0,2.99,12.5,81.89
Robby,blu,26.0,2.79,14.58,98.22
Robby,viola,25.0,3.87,13.96,92.5
Robby,viola,23.0,3.73,25.56,91.76
Robby,blu,26.0,3.66,19.96,102.94
Robby,viola,21.0,3.79,14.94,86.81
Robby,viola,28.0,3.69,15.11,101.67
Robby,viola,23.0,3.29,17.21,86.74
Robby,rosso,26.0,3.77,18.96,72.31
Robby,viola,21.0,3.88,19.34,84.41
Robby,blu,25.0,3.46,22.47,82.88
Robby,viola,28.0,3.63,17.15,75.95
Robby,blu,24.0,3.14,16.0,70.8
Robby,blu,29.0,3.12,11.53,91.69
Robby,blu,26.0,2.85,20.72,95.07
Robby,rosso,25.0,4.37,11.6,96.72
Robby,blu,21.0,3.79,12.07,88.74
Robby,blu,27.0,3.23,18.9,86.02
Robby,,23.0,3.83,19.49,94.4
Robby,viola,24.0,3.22,24.43,91.29
Robby,rosso,20.0,2.5,20.26,88.99
Robby,viola,28.0,3.46,14.15,86.3
Robby,blu,25.0,4.21,18.28,73.25
Robby,rosso,20.0,3.53,14.12,84.09
Robby,blu,23.0,3.44,19.17,72.55
Robby,blu,21.0,3.62,24.75,87.51
Robby,rosso,22.0,3.02,20.5,87.54
Robby,viola,29.0,3.1,9.22,77.24
Robby,blu,20.0,3.78,19.25,56.02
Robby,viola,29.0,3.28,16.86,77.66
Robby,viola,28.0,3.71,13.67,96.06
Robby,blu,21.0,4.67,18.09,87.1
Robby,viola,25.0,4.03,15.34,100.66
Robby,viola,22.0,3.64,16.54,90.76
Robby,rosso,25.0,2.63,17.26,82.54
Robby,rosso,20.0,3.27,23.31,84.92
Robby,viola,20.0,2.96,11.61,91.77
Robby,blu,29.0,3.86,17.81,84.7
Robby,viola,21.0,4.4,21.81,86.05
Robby,viola,20.0,4.31,7.73,79.59
Robby,viola,27.0,3.78,13.11,101.83
Robby,viola,20.0,4.28,23.4,90.48
Robby,blu,26.0,3.3,5.77,81.28
Robby,blu,24.0,3.48,10.68,56.82
Robby,viola,28.0,3.71,18.82,72.6
Robby,rosso,22.0,3.08,13.76,74.22
Robby,rosso,26.0,3.49,19.84,69.22
Robby,blu,26.0,3.5,21.12,87.55
Robby,blu,20.0,3.47,16.43,86.3
Robby,viola,29.0,4.12,17.27,78.81
Robby,viola,24.0,2.75,11.81,86.18
Robby,blu,21.0,3.39,14.51,89.22
Robby,rosso,28.0,3.08,12.67,79.14
Robby,viola,26.0,4.0,19.21,93.09
Robby,rosso,29.0,3.72,11.46,89.26
Robby,rosso,23.0,2.96,15.45,74.66
Robby,rosso,22.0,3.42,14.26,76.05
Robby,viola,22.0,3.41,15.18,78.36
Robby,viola,21.0,4.07,13.77,72.01
Robby,,22.0,3.7,22.31,76.97
Robby,viola,25.0,3.98,12.82,84.12
Robby,blu,27.0,3.47,22.98,82.68
Robby,blu,26.0,4.03,23.63,80.71
Robby,rosso,22.0,3.67,16.89,85.77
Robby,rosso,22.0,3.61,22.56,98.13
Robby,blu,26.0,3.06,8.53,70.77
Robby,blu,29.0,3.76,23.6,79.39
Robby,blu,21.0,3.98,20.22,70.36
Robby,viola,24.0,3.48,20.61,75.72
Robby,viola,22.0,2.78,15.69,93.02
Robby,rosso,21.0,3.16,14.46,87.19
Robby,rosso,29.0,4.26,22.97,61.08
Robby,rosso,21.0,3.8,17.16,105.61
Robby,rosso,29.0,3.21,21.17,76.62
Robby,rosso,24.0,2.96,10.86,91.57
Robby,viola,25.0,2.65,20.82,77.89
Robby,blu,26.0,2.64,15.86,85.07
Robby,blu,22.0,3.22,23.31,95.79
Robby,rosso,29.0,2.77,14.42,74.52
Robby,rosso,29.0,3.91,15.86,96.71
Robby,blu,27.0,3.18,21.14,95.93
Robby,rosso,20.0,3.34,10.02,72.6
Robby,rosso,24.0,3.49,18.47,62.53
Robby,blu,22.0,3.74,18.97,81.38
Robby,viola,23.0,4.08,8.74,87.48
Robby,blu,23.0,3.22,19.22,89.16
Robby,blu,28.0,3.8,26.45,105.62
Robby,viola,20.0,3.33,22.31,84.91
Robby,blu,29.0,3.84,18.82,69.73
Robby,blu,24.0,2.56,7.39,99.33
Robby,rosso,24.0,3.3,12.9,76.72
Robby,viola,27.0,2.85,15.12,100.37
Robby,blu,27.0,3.47,13.48,88.21
Robby,viola,29.0,3.04,15.33,70.71
Robby,viola,29.0,3.22,17.85,79.5
Robby,viola,21.0,3.65,25.1,91.92
Robby,blu,28.0,3.16,13.44,77.7
Robby,blu,24.0,2.71,15.63,87.58
Robby,blu,24.0,3.29,14.41,104.24
Robby,viola,25.0,3.93,18.2,79.19
Robby,rosso,24.0,3.24,14.07,91.24
Robby,viola,26.0,3.21,17.87,100.96
Robby,viola,28.0,3.61,10.56,94.6
Robby,viola,29.0,3.18,13.9,68.02
Robby,blu,20.0,3.31,8.06,72.12
Robby,rosso,22.0,3.04,17.95,68.25
Robby,rosso,26.0,3.89,16.24,74.78
Robby,rosso,24.0,3.17,15.47,83.73
Robby,viola,26.0,3.49,14.33,57.59
Robby,viola,21.0,2.97,18.32,80.0
Robby,rosso,29.0,3.5,14.91,77.03
Robby,rosso,23.0,3.68,25.31,66.25
Robby,rosso,29.0,3.69,21.54,99.67
Robby,viola,26.0,3.1,19.02,72.94
Robby,rosso,23.0,3.37,23.93,91.79
Robby,rosso,26.0,3.51,19.6,88.21
Robby,rosso,23.0,3.38,16.49,100.8
Robby,rosso,22.0,4.21,12.15,85.53
Robby,rosso,25.0,3.65,20.12,79.27
Robby,blu,23.0,3.96,18.47,67.3
Robby,rosso,24.0,3.95,18.46,81.15
Robby,rosso,20.0,4.06,27.04,74.15
Robby,viola,28.0,3.49,14.92,91.11
Robby,blu,24.0,3.94,19.52,90.06
Robby,viola,23.0,3.2,19.88,85.06
Robby,rosso,25.0,3.51,16.69,99.06
Robby,viola,21.0,3.45,19.29,72.82
Robby,blu,27.0,2.8,20.99,93.57
Robby,,29.0,3.4,12.02,82.47
Robby,viola,24.0,3.48,18.46,91.88
Robby,viola,27.0,3.58,16.69,88.79
Robby,viola,22.0,3.95,16.19,102.29
Robby,blu,24.0,3.64,13.01,80.34
Robby,blu,21.0,4.45,21.71,88.26
Robby,viola,23.0,3.94,14.96,63.24
Robby,blu,25.0,3.09,15.9,84.37
Robby,viola,28.0,3.14,13.07,92.57
Robby,viola,20.0,3.98,19.63,91.89
Robby,viola,28.0,4.03,11.13,95.3
Robby,blu,22.0,3.34,15.89,101.08
Robby,viola,23.0,3.38,16.44,93.66
Robby,blu,26.0,3.8,10.76,97.26
Robby,blu,21.0,3.34,14.56,65.79
Robby,viola,26.0,3.15,27.68,88.72
Robby,blu,24.0,2.6,14.33,72.42
Robby,blu,21.0,2.93,27.18,107.3
Robby,blu,27.0,3.33,20.84,78.05
Robby,rosso,21.0,2.93,22.0,100.97
Robby,viola,25.0,3.42,20.51,84.9
Robby,rosso,28.0,3.95,21.7,72.85
Robby,viola,28.0,4.12,13.82,80.88
Robby,viola,26.0,3.6,19.75,97.09
Robby,viola,20.0,3.03,19.37,94.14
Robby,rosso,28.0,2.82,17.18,78.47
Robby,viola,25.0,3.88,17.9,90.34
Robby,viola,29.0,3.48,18.29,72.22
Robby,rosso,26.0,3.31,17.01,74.21
Robby,rosso,22.0,4.28,18.93,82.98
Robby,rosso,22.0,3.31,17.63,95.93
Robby,blu,27.0,3.52,17.04,83.18
Robby,viola,21.0,3.4,23.69,104.46
Robby,rosso,26.0,4.1,8.06,83.39
Robby,blu,21.0,3.9,15.91,96.4
Robby,blu,27.0,3.12,12.21,86.15
Robby,blu,21.0,3.54,16.14,85.59
Robby,rosso,25.0,3.83,15.95,84.13
Robby,rosso,23.0,3.41,19.25,75.27
Robby,viola,26.0,2.93,23.69,98.85
Robby,rosso,21.0,3.09,14.92,64.63
Robby,blu,28.0,2.36,22.74,75.96
Robby,rosso,21.0,2.99,14.11,106.8
Robby,blu,26.0,3.13,13.45,91.16
Robby,rosso,20.0,3.07,22.68,103.39
Robby,blu,21.0,3.99,20.24,100.42
Robby,viola,25.0,3.04,16.14,74.9
Robby,viola,24.0,3.64,15.1,83.17
Robby,rosso,24.0,3.33,14.85,75.96
Robby,rosso,28.0,4.09,23.31,84.74
Robby,blu,27.0,3.26,18.78,77.06
Robby,blu,23.0,4.15,20.08,75.86
Robby,rosso,29.0,4.2,22.85,78.24
Robby,viola,21.0,3.99,17.35,81.42
Robby,blu,21.0,4.03,23.02,96.34
Robby,viola,21.0,4.22,20.84,64.92
Robby,blu,21.0,3.18,18.18,84.35
Robby,viola,28.0,4.03,23.35,63.46
Robby,viola,22.0,3.93,25.09,79.97
Robby,viola,22.0,2.7,14.94,68.77
Robby,blu,28.0,3.66,18.38,84.16
Robby,viola,28.0,3.49,12.97,78.67
Robby,viola,27.0,4.26,23.12,84.55
Robby,rosso,24.0,3.32,17.77,102.5
Robby,rosso,27.0,4.15,14.07,76.4
Robby,viola,26.0,3.58,16.32,84.38
Robby,blu,26.0,3.29,17.33,95.45
Robby,viola,29.0,3.39,18.56,94.3
Robby,viola,21.0,2.71,16.29,74.9
Robby,blu,26.0,4.01,16.33,84.31
Robby,blu,20.0,3.66,18.76,72.69
Robby,rosso,25.0,3.52,14.74,74.64
Robby,viola,27.0,2.76,15.09,70.63
Robby,blu,22.0,3.26,17.51,67.66
Robby,blu,25.0,3.87,21.47,72.66
Robby,viola,23.0,3.57,18.34,77.8
Robby,rosso,29.0,3.55,25.48,73.55
Robby,rosso,21.0,3.59,16.31,96.0
Robby,blu,23.0,3.25,15.02,60.59
Robby,blu,20.0,3.07,20.11,86.45
Robby,blu,22.0,3.53,18.24,95.11
Robby,rosso,27.0,3.57,18.73,96.45
Robby,blu,28.0,4.11,19.95,92.52
Robby,viola,24.0,2.73,23.41,76.72
Robby,rosso,20.0,2.8,19.89,89.39
Robby,blu,26.0,3.95,27.27,73.86
Robby,rosso,25.0,3.09,19.31,90.41
Robby,viola,24.0,4.6,14.81,87.08
Robby,rosso,27.0,3.51,17.92,61.63
Robby,blu,21.0,3.99,8.42,93.99
Robby,viola,26.0,4.04,14.17,90.4
Robby,viola,23.0,3.05,20.62,71.06
Robby,rosso,23.0,3.46,17.78,92.31
Robby,viola,27.0,3.8,18.89,71.19
Robby,viola,28.0,3.11,15.08,87.99
Robby,rosso,28.0,3.76,19.57,59.88
Robby,rosso,29.0,3.4,13.84,81.07
Robby,viola,29.0,3.42,15.65,101.55
Robby,blu,28.0,3.89,18.05,72.95
Robby,blu,26.0,3.14,16.36,71.93
Robby,rosso,29.0,4.12,16.79,88.65
Robby,blu,24.0,3.81,25.93,104.63
Robby,blu,28.0,3.41,16.28,72.64
Robby,viola,29.0,4.84,13.23,92.95
Robby,rosso,25.0,3.83,20.28,77.0
Robby,rosso,20.0,4.14,12.99,70.82
Robby,viola,27.0,3.6,17.39,82.67
Robby,rosso,21.0,3.61,14.21,87.84
Robby,rosso,29.0,4.01,17.33,92.54
Robby,blu,21.0,3.27,17.56,92.26
Robby,blu,26.0,3.92,19.18,82.92
Robby,viola,26.0,4.32,16.03,66.71
Robby,blu,28.0,3.43,16.91,66.31
Robby,viola,24.0,2.98,6.07,86.15
Robby,blu,29.0,2.98,19.46,89.43
Robby,blu,27.0,4.1,10.45,79.89
Robby,viola,25.0,3.07,20.63,72.65
Robby,viola,21.0,3.17,13.25,85.23
Robby,rosso,27.0,3.29,21.32,86.13
Robby,rosso,28.0,3.51,19.92,78.99
Robby,rosso,24.0,4.34,16.01,88.08
Robby,blu,25.0,2.57,18.11,66.72
Robby,blu,20.0,3.58,12.09,93.36
Robby,viola,25.0,3.57,22.41,62.05
Robby,blu,20.0,3.22,20.42,66.67
Robby,rosso,27.0,3.21,16.45,105.69
Robby,rosso,27.0,3.27,16.4,44.7
Robby,viola,26.0,4.49,14.07,83.34
Robby,blu,22.0,3.34,18.46,83.43
Robby,rosso,20.0,4.22,13.59,80.82
Robby,rosso,22.0,3.7,21.93,81.37
Robby,viola,27.0,3.79,24.46,65.75
Robby,rosso,25.0,3.39,13.23,70.62
Robby,blu,25.0,3.15,16.63,78.63
Robby,viola,21.0,3.38,19.31,55.67
Robby,blu,24.0,3.65,19.15,86.32
Robby,viola,20.0,3.97,20.6,72.21
Robby,rosso,26.0,3.56,17.34,81.32
Robby,viola,29.0,4.47,13.17,101.61
Robby,rosso,20.0,4.09,8.48,75.57
Robby,rosso,21.0,3.89,16.84,97.95
Robby,blu,26.0,3.85,,62.62
Robby,rosso,22.0,3.14,15.29,62.68
Robby,viola,26.0,4.16,19.18,92.21
Robby,blu,26.0,2.92,18.29,78.87
Robby,viola,25.0,2.97,22.61,94.61
Robby,rosso,21.0,4.3,23.86,78.81
Robby,rosso,24.0,3.28,13.88,75.69
Robby,blu,29.0,3.42,9.69,93.38
Robby,rosso,28.0,3.34,21.47,95.19
Robby,blu,21.0,3.47,22.14,83.33
Robby,viola,29.0,3.52,28.06,69.84
Robby,rosso,28.0,3.94,29.4,74.31
Robby,rosso,23.0,3.27,14.44,84.05
Robby,viola,29.0,3.47,25.16,76.84
Robby,viola,27.0,3.15,19.06,86.53
Robby,rosso,26.0,4.21,18.47,98.46
Robby,blu,24.0,3.96,10.39,83.3
Robby,rosso,23.0,3.45,14.1,77.22
Robby,viola,27.0,3.11,13.46,105.5
Robby,rosso,23.0,3.54,23.47,81.75
Robby,blu,26.0,4.1,6.04,82.13
Robby,blu,24.0,4.68,15.55,88.23
Robby,viola,21.0,3.19,15.68,75.42
Robby,blu,23.0,2.75,26.29,72.48
Robby,viola,22.0,3.36,17.28,89.69
Robby,viola,28.0,4.06,20.15,92.9
Robby,viola,29.0,3.18,13.46,64.71
Robby,blu,25.0,4.07,14.34,80.16
Robby,blu,24.0,3.1,14.82,75.64
Robby,rosso,23.0,3.97,21.51,97.52
Robby,rosso,26.0,3.61,14.34,69.71
Robby,blu,27.0,4.34,14.56,83.91
Robby,viola,20.0,3.91,10.88,101.34
Robby,viola,24.0,3.03,11.02,94.4
Robby,rosso,27.0,3.62,16.33,85.43
Robby,blu,28.0,2.55,19.32,87.62
Robby,rosso,23.0,4.33,24.06,95.08
Robby,blu,26.0,3.72,20.98,86.14
Robby,viola,29.0,3.01,22.88,87.78
Robby,blu,20.0,2.98,24.26,78.17
Robby,viola,21.0,3.78,14.67,76.98
Robby,blu,23.0,3.67,10.07,93.86
Robby,blu,27.0,3.84,17.32,89.5
Robby,viola,29.0,4.62,17.71,80.05
Robby,viola,26.0,4.39,21.93,67.13
Robby,blu,28.0,3.97,16.92,87.12
Robby,rosso,26.0,3.0,19.9,99.11
Robby,blu,24.0,2.76,21.17,78.36
Robby,viola,25.0,3.18,21.34,92.35
Robby,rosso,26.0,3.31,24.67,99.82
Robby,viola,27.0,3.67,20.86,80.36
Robby,viola,20.0,3.03,12.18,106.23
Robby,rosso,26.0,2.95,8.35,105.88
Robby,viola,27.0,3.78,18.76,87.59
Robby,rosso,27.0,4.1,11.19,84.44
Robby,viola,28.0,3.8,19.14,87.45
Robby,blu,28.0,2.37,23.97,89.24
Robby,viola,27.0,3.54,19.11,70.38
Robby,viola,26.0,3.43,12.48,101.57
Robby,rosso,23.0,3.75,14.18,77.51
Robby,viola,26.0,2.67,21.27,71.88
Robby,rosso,27.0,3.74,17.05,74.65
Robby,viola,28.0,3.41,16.37,87.26
Robby,viola,20.0,4.18,15.46,73.45
Robby,blu,29.0,3.53,24.72,87.94
Robby,viola,29.0,4.44,13.56,77.96
Robby,viola,29.0,3.91,10.67,108.77
Robby,viola,20.0,3.14,13.21,95.87
Robby,rosso,21.0,3.11,21.69,100.69
Robby,viola,28.0,3.63,18.51,76.91
Robby,blu,25.0,3.08,15.17,93.39
Robby,blu,26.0,3.83,16.2,100.85
Robby,blu,25.0,4.2,23.26,87.58
Robby,viola,27.0,4.08,20.19,94.37
Robby,rosso,20.0,3.2,20.34,82.58
Robby,blu,22.0,2.99,16.41,79.72
Robby,rosso,24.0,4.5,15.66,85.62
Robby,rosso,22.0,3.42,17.51,85.3
Robby,rosso,20.0,3.59,19.49,98.52
Robby,blu,26.0,4.08,17.09,91.79
Robby,viola,21.0,3.09,17.99,76.57
Robby,blu,24.0,3.02,9.35,88.76
Robby,rosso,25.0,3.35,27.37,78.37
Robby,viola,22.0,3.49,20.03,74.55
Robby,blu,29.0,2.71,17.69,90.2
Robby,rosso,21.0,4.03,14.41,92.43
Robby,,22.0,3.19,15.55,91.27
Robby,viola,23.0,2.96,21.78,98.01
Robby,viola,25.0,2.79,25.88,60.44
Robby,blu,28.0,3.64,14.94,77.28
Robby,rosso,25.0,3.78,20.36,82.11
Robby,viola,20.0,4.1,17.6,86.58
Robby,rosso,20.0,3.99,23.47,88.95
Robby,viola,28.0,3.15,15.92,68.18
Robby,blu,22.0,2.99,19.49,111.51
Robby,blu,28.0,3.1,17.46,89.23
Robby,rosso,26.0,3.99,11.07,89.95
Robby,blu,25.0,3.63,9.62,91.29
Simmy,viola,25.0,4.41,31.33,66.36
Simmy,viola,28.0,3.63,39.65,68.55
Simmy,rosso,26.0,5.38,47.4,69.12
Simmy,blu,29.0,4.28,29.46,72.27
Simmy,rosso,22.0,4.41,40.8,70.34
Simmy,rosso,22.0,5.04,30.15,66.92
Simmy,rosso,23.0,3.71,25.29,73.73
Simmy,viola,22.0,4.39,31.97,76.05
Simmy,viola,22.0,4.85,29.55,63.94
Simmy,rosso,22.0,4.1,33.09,65.62
Simmy,viola,29.0,4.18,33.13,68.81
Simmy,blu,24.0,4.25,34.78,64.77
Simmy,viola,26.0,4.19,31.81,71.79
Simmy,blu,26.0,4.11,34.11,74.23
Simmy,blu,26.0,4.73,33.89,72.89
Simmy,viola,22.0,4.65,38.09,64.97
Simmy,rosso,25.0,5.24,35.48,72.4
Simmy,viola,22.0,3.52,30.75,70.8
Simmy,blu,22.0,4.06,25.76,74.73
Simmy,viola,29.0,4.55,28.86,80.25
Simmy,blu,22.0,4.65,35.33,70.93
Simmy,rosso,26.0,5.13,34.43,63.26
Simmy,blu,26.0,3.96,35.18,69.03
Simmy,rosso,28.0,4.64,38.06,66.94
Simmy,rosso,27.0,4.54,30.63,66.96
Simmy,blu,24.0,3.94,20.91,67.54
Simmy,blu,23.0,4.65,29.81,71.58
Simmy,rosso,20.0,4.3,30.32,70.52
Simmy,rosso,23.0,3.76,20.94,71.49
Simmy,rosso,28.0,5.56,31.82,70.37
Simmy,viola,28.0,4.52,29.38,68.7
Simmy,blu,28.0,3.91,42.76,73.93
Simmy,viola,23.0,5.07,29.07,74.77
Simmy,blu,25.0,5.38,34.38,74.02
Simmy,blu,28.0,4.62,38.33,72.45
Simmy,viola,28.0,4.71,32.94,66.37
Simmy,viola,25.0,5.15,27.76,68.15
Simmy,viola,20.0,4.77,37.62,72.08
Simmy,rosso,22.0,3.82,32.23,67.21
Simmy,rosso,23.0,4.13,48.43,63.13
Simmy,viola,21.0,4.31,32.65,69.18
Simmy,rosso,26.0,4.29,29.84,72.59
Simmy,viola,21.0,5.37,34.12,75.77
Simmy,viola,24.0,4.3,26.5,73.23
Simmy,rosso,26.0,4.73,42.61,75.78
Simmy,rosso,29.0,4.47,39.64,69.38
Simmy,viola,21.0,5.24,46.61,75.69
Simmy,rosso,23.0,4.2,42.29,68.26
Simmy,blu,26.0,4.95,37.02,72.06
Simmy,blu,27.0,4.28,30.02,72.37
Simmy,viola,23.0,4.82,41.01,70.89
Simmy,rosso,24.0,4.13,30.41,71.24
Simmy,viola,22.0,4.63,34.64,62.9
Simmy,viola,24.0,3.24,36.2,73.74
Simmy,blu,24.0,5.2,38.02,73.68
Simmy,rosso,24.0,4.25,37.45,69.72
Simmy,viola,20.0,4.31,33.04,69.32
Simmy,rosso,27.0,4.82,17.96,74.5
Simmy,viola,29.0,4.72,30.67,70.03
Simmy,blu,29.0,4.76,26.0,63.85
Simmy,viola,21.0,4.43,46.35,70.82
Simmy,blu,21.0,4.18,30.21,68.39
Simmy,viola,21.0,4.29,24.78,70.25
Simmy,viola,29.0,4.13,25.73,73.04
Simmy,viola,26.0,5.14,23.77,64.97
Simmy,rosso,24.0,4.28,31.7,74.26
Simmy,viola,25.0,4.58,34.25,67.87
Simmy,blu,21.0,4.23,31.06,67.92
Simmy,blu,27.0,3.82,19.32,71.92
Simmy,rosso,23.0,5.01,44.31,76.19
Simmy,rosso,20.0,4.6,28.25,75.61
Simmy,blu,22.0,4.28,27.33,67.18
Simmy,viola,29.0,4.59,33.52,71.89
Simmy,rosso,21.0,4.88,35.38,73.42
Simmy,rosso,23.0,4.16,32.73,73.02
Simmy,viola,22.0,3.99,29.95,68.28
Simmy,viola,25.0,4.56,36.58,68.53
Simmy,blu,22.0,4.45,30.87,73.88
Simmy,viola,22.0,4.75,36.93,70.88
Simmy,rosso,27.0,4.2,40.2,75.07
Simmy,rosso,20.0,4.89,25.58,71.26
Simmy,rosso,24.0,4.46,33.63,67.33
Simmy,rosso,21.0,5.44,31.83,74.5
Simmy,viola,22.0,4.73,38.61,70.11
Simmy,rosso,22.0,4.27,28.27,68.71
Simmy,blu,26.0,4.97,32.5,65.74
Simmy,rosso,24.0,4.75,37.0,67.32
Simmy,viola,23.0,3.97,39.09,66.74
Simmy,viola,27.0,3.86,26.24,74.28
Simmy,blu,23.0,4.51,29.41,68.79
Simmy,viola,21.0,3.69,35.61,67.07
Simmy,viola,28.0,4.05,30.31,73.93
Simmy,viola,23.0,4.62,31.91,73.44
Simmy,viola,20.0,4.59,30.21,70.31
Simmy,blu,25.0,3.59,35.67,75.62
Simmy,viola,21.0,4.45,28.98,67.16
Simmy,viola,20.0,4.11,30.79,70.1
Simmy,blu,20.0,4.66,29.64,66.88
Simmy,rosso,28.0,4.52,27.54,71.36
Simmy,blu,25.0,4.27,28.43,75.04
Simmy,rosso,21.0,3.85,38.15,74.25
Simmy,viola,23.0,4.56,42.53,70.68
Simmy,viola,24.0,4.79,32.63,69.42
Simmy,blu,24.0,3.97,38.07,65.66
Simmy,rosso,28.0,4.41,31.17,77.43
Simmy,blu,28.0,4.22,39.8,69.36
Simmy,rosso,25.0,4.62,29.92,68.8
Simmy,rosso,28.0,4.65,42.75,66.2
Simmy,viola,23.0,4.6,38.51,66.04
Simmy,blu,23.0,4.45,36.42,75.96
Simmy,viola,23.0,3.32,34.89,71.15
Simmy,rosso,27.0,4.86,28.63,67.89
Simmy,rosso,21.0,4.73,22.27,70.08
Simmy,blu,28.0,4.86,25.9,72.34
Simmy,blu,29.0,5.26,33.65,65.21
Simmy,rosso,27.0,4.59,40.07,69.56
Simmy,viola,20.0,4.49,18.61,68.86
Simmy,rosso,25.0,4.25,24.48,66.24
Simmy,viola,25.0,4.38,38.67,72.73
Simmy,rosso,20.0,3.75,34.55,70.8
Simmy,rosso,22.0,4.26,28.99,66.23
Simmy,blu,28.0,4.95,30.1,69.53
Simmy,rosso,20.0,4.52,38.24,66.84
Simmy,rosso,23.0,3.42,48.87,70.33
Simmy,blu,28.0,4.03,39.79,69.01
Simmy,blu,23.0,4.71,34.38,66.08
Simmy,viola,23.0,4.02,34.42,66.88
Simmy,viola,21.0,4.47,38.41,69.57
Simmy,viola,25.0,4.23,29.71,71.61
Simmy,blu,25.0,3.29,28.59,66.08
Simmy,blu,23.0,4.03,23.57,66.58
Simmy,rosso,29.0,4.45,25.9,69.83
Simmy,blu,27.0,4.73,34.76,68.0
Simmy,blu,22.0,4.56,25.15,69.8
Simmy,rosso,21.0,3.71,28.07,64.53
Simmy,rosso,27.0,4.1,27.18,76.05
Simmy,viola,23.0,4.52,32.52,73.83
Simmy,viola,24.0,4.93,36.92,64.61
Simmy,viola,29.0,4.59,37.1,64.75
Simmy,viola,29.0,4.27,34.17,68.9
Simmy,blu,20.0,4.29,35.85,72.63
Simmy,rosso,29.0,4.61,35.99,75.61
Simmy,rosso,20.0,3.62,38.21,74.49
Simmy,rosso,28.0,4.23,26.88,67.7
Simmy,blu,26.0,5.02,35.59,73.62
Simmy,rosso,26.0,3.7,21.68,74.5
Simmy,viola,25.0,5.6,31.39,71.47
Simmy,viola,29.0,5.04,38.96,78.92
Simmy,viola,21.0,3.36,32.9,67.55
Simmy,blu,29.0,5.27,27.12,72.19
Simmy,rosso,28.0,5.05,34.33,68.11
Simmy,rosso,24.0,4.97,27.39,75.65
Simmy,rosso,26.0,5.12,29.27,68.21
Simmy,viola,27.0,3.87,30.31,68.17
Simmy,rosso,26.0,4.01,28.91,66.32
Simmy,,28.0,4.65,38.47,68.51
Simmy,rosso,28.0,4.6,39.34,71.2
Simmy,viola,24.0,3.57,33.45,64.57
Simmy,rosso,21.0,4.0,41.72,74.98
Simmy,rosso,29.0,4.62,37.18,66.12
Simmy,viola,26.0,3.51,28.54,72.85
Simmy,rosso,27.0,4.91,37.49,76.47
Simmy,viola,26.0,4.34,21.22,71.0
Simmy,blu,22.0,5.19,28.46,70.24
Simmy,rosso,24.0,3.65,45.66,73.77
Simmy,viola,21.0,5.36,42.64,69.7
Simmy,blu,22.0,3.9,37.1,73.94
Simmy,blu,23.0,4.34,34.6,70.43
Simmy,viola,21.0,4.71,31.85,77.51
Simmy,rosso,28.0,4.07,29.33,68.68
Simmy,blu,20.0,4.69,31.4,74.27
Simmy,rosso,27.0,3.97,29.36,69.02
Simmy,rosso,25.0,4.45,34.49,75.68
Simmy,blu,24.0,5.33,28.72,70.69
Simmy,rosso,28.0,3.85,33.61,69.78
Simmy,rosso,28.0,5.08,28.75,72.52
Simmy,rosso,29.0,4.38,29.07,71.61
Simmy,rosso,29.0,4.94,33.14,73.08
Simmy,blu,24.0,4.3,36.29,68.08
Simmy,viola,27.0,4.32,27.82,72.29
Simmy,blu,22.0,4.94,25.6,66.63
Simmy,rosso,25.0,3.32,31.42,77.02
Simmy,viola,25.0,4.33,43.97,71.36
Simmy,blu,23.0,4.97,35.84,69.81
Simmy,blu,20.0,4.03,36.15,68.27
Simmy,blu,29.0,3.91,35.56,69.01
Simmy,viola,29.0,5.12,28.33,71.84
Simmy,viola,20.0,3.27,32.62,66.29
Simmy,rosso,22.0,4.2,37.2,74.5
Simmy,rosso,27.0,5.04,34.72,68.12
Simmy,blu,26.0,4.01,42.38,62.1
Simmy,viola,22.0,5.28,32.71,71.21
Simmy,viola,22.0,5.15,32.56,67.54
Simmy,rosso,23.0,4.52,31.59,68.86
Simmy,viola,29.0,3.61,37.43,70.0
Simmy,blu,24.0,4.33,34.47,69.83
Simmy,viola,20.0,4.25,28.97,70.77
Simmy,rosso,21.0,3.27,41.5,65.76
Simmy,rosso,23.0,4.87,29.78,72.07
Simmy,blu,21.0,4.18,34.63,67.99
Simmy,rosso,20.0,3.5,28.58,68.39
Simmy,rosso,26.0,4.37,33.33,73.46
Simmy,blu,22.0,5.11,19.65,71.84
Simmy,viola,25.0,4.36,25.27,68.69
Simmy,viola,21.0,4.67,35.41,69.78
Simmy,rosso,22.0,4.52,26.72,73.04
Simmy,rosso,20.0,4.75,32.61,68.07
Simmy,rosso,27.0,5.26,37.07,76.89
Simmy,rosso,27.0,4.61,33.2,67.96
Simmy,blu,28.0,4.42,28.24,69.38
Simmy,viola,25.0,5.15,30.64,68.7
Simmy,blu,27.0,3.32,35.06,72.15
Simmy,viola,23.0,5.02,39.38,72.74
Simmy,rosso,23.0,3.78,40.86,71.52
Simmy,blu,20.0,4.91,29.95,67.1
Simmy,rosso,23.0,5.24,42.67,70.26
Simmy,blu,22.0,4.35,34.68,70.83
Simmy,blu,25.0,4.46,30.33,75.35
Simmy,blu,22.0,4.37,31.3,64.44
Simmy,rosso,27.0,4.46,33.7,65.76
Simmy,viola,21.0,3.67,26.16,67.92
Simmy,blu,29.0,4.16,29.37,70.01
Simmy,rosso,21.0,4.22,34.33,71.72
Simmy,blu,23.0,4.21,29.6,73.53
Simmy,blu,20.0,4.91,37.32,76.31
Simmy,viola,20.0,4.95,35.06,74.25
Simmy,blu,24.0,4.11,23.11,73.34
Simmy,blu,22.0,5.31,34.24,74.89
Simmy,blu,24.0,5.01,32.99,73.61
Simmy,viola,26.0,5.17,29.06,66.63
Simmy,rosso,28.0,4.67,25.61,76.09
Simmy,rosso,22.0,3.78,21.09,71.17
Simmy,blu,25.0,3.96,29.74,73.15
Simmy,blu,28.0,4.18,25.98,73.7
Simmy,rosso,22.0,5.01,23.26,68.62
Simmy,rosso,25.0,4.52,34.02,71.14
Simmy,blu,23.0,4.59,32.53,68.9
Simmy,rosso,20.0,4.22,35.76,71.38
Simmy,viola,20.0,5.2,24.25,67.96
Simmy,rosso,28.0,4.84,32.1,72.48
Simmy,blu,24.0,4.56,32.4,68.49
Simmy,blu,27.0,4.59,38.27,75.12
Simmy,viola,23.0,4.63,24.41,73.04
Simmy,viola,23.0,5.19,24.89,74.2
Simmy,rosso,27.0,4.39,39.44,73.65
Simmy,viola,26.0,4.24,40.84,68.47
Simmy,viola,22.0,4.1,24.39,61.32
Simmy,viola,23.0,4.56,31.51,68.48
Simmy,viola,27.0,5.21,28.86,67.95
Simmy,blu,23.0,5.11,24.29,67.71
Simmy,blu,25.0,4.18,33.8,67.29
Simmy,blu,24.0,3.88,43.51,67.5
Simmy,blu,23.0,3.99,35.55,73.79
Simmy,rosso,21.0,3.98,25.49,70.72
Simmy,viola,20.0,3.81,29.17,67.78
Simmy,rosso,21.0,4.76,31.41,68.49
Simmy,viola,22.0,4.59,39.91,73.33
Simmy,rosso,25.0,3.89,29.22,67.57
Simmy,rosso,29.0,4.44,31.64,63.35
Simmy,viola,22.0,4.43,32.32,72.82
Simmy,rosso,24.0,4.36,39.55,69.97
Simmy,viola,24.0,5.65,,64.48
Simmy,rosso,23.0,4.57,34.82,66.48
Simmy,viola,20.0,3.36,39.77,70.22
Simmy,viola,22.0,4.46,29.41,61.84
Simmy,viola,27.0,4.78,35.41,71.32
Simmy,viola,27.0,5.51,35.68,68.82
Simmy,viola,27.0,3.71,28.02,68.38
Simmy,blu,23.0,3.67,36.99,68.2
Simmy,blu,25.0,4.0,29.35,73.55
Simmy,blu,29.0,5.63,30.83,74.81
Simmy,rosso,26.0,4.7,40.68,68.94
Simmy,blu,23.0,5.12,28.67,67.16
Simmy,rosso,23.0,4.49,22.77,68.21
Simmy,viola,24.0,4.36,41.71,62.73
Simmy,viola,24.0,4.38,36.78,67.88
Simmy,viola,29.0,3.8,40.51,70.15
Simmy,rosso,29.0,4.26,31.35,73.56
Simmy,blu,22.0,3.6,33.15,67.75
Simmy,rosso,25.0,4.38,27.81,70.12
Simmy,blu,27.0,3.67,29.27,77.6
Simmy,rosso,23.0,4.32,42.85,63.09
Simmy,blu,23.0,4.69,42.53,65.06
Simmy,viola,22.0,3.65,37.51,70.89
Simmy,rosso,20.0,4.47,40.67,72.05
Simmy,blu,29.0,4.82,28.47,67.53
Simmy,blu,20.0,4.02,28.53,71.7
Simmy,rosso,27.0,4.22,34.93,66.86
Simmy,viola,,4.15,44.37,72.24
Simmy,rosso,26.0,4.53,25.71,72.74
Simmy,rosso,24.0,4.88,29.44,69.72
Simmy,rosso,21.0,3.63,39.01,71.75
Simmy,blu,22.0,3.22,33.25,66.07
Simmy,viola,26.0,4.25,32.78,71.03
Simmy,viola,27.0,3.74,39.08,73.33
Simmy,viola,22.0,3.4,31.55,69.72
Simmy,viola,22.0,4.41,32.6,71.01
Simmy,rosso,23.0,4.98,27.27,70.14
Simmy,viola,29.0,3.71,38.03,70.65
Simmy,viola,25.0,4.9,35.81,69.93
Simmy,rosso,29.0,4.7,31.24,73.75
Simmy,viola,22.0,3.78,32.0,71.02
Simmy,viola,20.0,4.86,32.93,66.61
Simmy,rosso,21.0,5.15,45.0,66.17
Simmy,viola,27.0,4.4,28.57,68.27
Simmy,viola,26.0,4.95,27.05,69.92
Simmy,viola,24.0,5.21,40.28,65.82
Simmy,viola,28.0,4.8,27.64,68.96
Simmy,blu,25.0,4.96,31.12,74.98
Simmy,blu,24.0,5.15,35.35,71.5
Simmy,viola,23.0,5.88,29.68,70.87
Simmy,viola,21.0,4.24,35.94,69.32
Simmy,rosso,29.0,3.83,33.4,66.05
Simmy,rosso,25.0,4.14,35.06,67.65
Simmy,viola,20.0,4.57,32.92,72.05
Simmy,blu,22.0,4.33,33.06,76.65
Simmy,viola,29.0,4.68,32.0,70.22
Simmy,blu,21.0,5.29,36.58,68.9
Simmy,viola,21.0,5.23,29.01,67.12
Simmy,blu,20.0,4.23,26.75,65.66
Simmy,rosso,28.0,3.77,24.12,72.45
Simmy,blu,26.0,4.47,28.35,68.32
Simmy,viola,26.0,5.15,27.22,77.97
Simmy,rosso,29.0,4.69,33.15,75.34
Simmy,blu,29.0,3.81,49.31,68.44
Simmy,blu,27.0,4.67,22.26,76.56
Simmy,rosso,24.0,4.63,32.6,67.47
Simmy,viola,25.0,4.1,41.6,72.9
Simmy,blu,24.0,4.51,42.2,73.96
Simmy,viola,20.0,4.42,37.92,75.4
Simmy,blu,24.0,4.24,37.42,68.53
Simmy,blu,22.0,4.56,30.24,73.6
Simmy,viola,21.0,4.02,37.01,68.82
Simmy,viola,26.0,5.25,34.19,68.02
Simmy,blu,28.0,4.58,35.76,71.23
Simmy,blu,23.0,4.43,29.2,60.39
Simmy,rosso,23.0,5.28,30.95,69.44
Simmy,blu,28.0,4.62,34.59,71.46
Simmy,viola,26.0,4.15,26.25,71.95
Simmy,viola,22.0,4.82,25.06,69.69
Simmy,blu,26.0,4.31,30.04,69.0
Simmy,rosso,26.0,4.31,37.61,75.31
Simmy,blu,23.0,4.87,39.53,65.97
Simmy,blu,24.0,3.95,38.97,73.83
Simmy,viola,21.0,4.54,41.75,70.16
Simmy,viola,21.0,4.18,31.2,70.58
Simmy,blu,22.0,4.86,35.06,70.71
Simmy,blu,28.0,4.57,28.33,69.95
Simmy,rosso,21.0,4.35,38.36,74.96
Simmy,blu,21.0,5.39,30.12,65.14
Simmy,rosso,27.0,4.64,26.73,65.84
Simmy,blu,27.0,4.19,28.93,70.34
Simmy,rosso,28.0,4.16,39.75,69.48
Simmy,rosso,28.0,5.31,29.42,65.39
Simmy,rosso,29.0,4.71,32.32,71.64
Simmy,blu,23.0,4.05,18.83,73.99
Simmy,blu,22.0,4.57,32.41,68.86
Simmy,viola,25.0,3.87,29.46,71.48
Simmy,blu,29.0,4.26,38.43,74.74
Simmy,rosso,29.0,3.41,38.35,72.97
Simmy,blu,27.0,4.78,41.46,63.55
Simmy,viola,23.0,4.87,24.5,65.91
Simmy,viola,21.0,4.03,32.81,72.63
Simmy,blu,21.0,4.73,45.47,66.23
Simmy,blu,27.0,4.77,39.69,76.37
Simmy,blu,27.0,4.0,32.03,74.06
Simmy,blu,22.0,4.66,37.67,66.24
Simmy,rosso,25.0,5.02,30.25,68.88
Simmy,blu,23.0,5.02,29.41,67.84
Simmy,viola,24.0,4.27,29.09,74.96
Simmy,viola,27.0,5.17,22.21,73.71
Simmy,blu,24.0,4.56,29.1,76.53
Simmy,blu,22.0,4.85,28.54,65.84
Simmy,blu,20.0,4.47,30.8,72.7
Simmy,blu,29.0,4.62,45.31,69.62
Simmy,rosso,21.0,4.53,27.62,65.85
Simmy,viola,25.0,5.32,30.48,69.86
Simmy,viola,24.0,3.55,43.26,65.41
Simmy,rosso,24.0,4.04,32.55,66.78
Simmy,blu,29.0,3.95,31.57,69.45
Simmy,rosso,27.0,4.93,38.54,68.09
Simmy,rosso,22.0,4.78,35.34,72.69
Simmy,rosso,21.0,4.99,37.84,71.57
Simmy,rosso,28.0,4.53,27.95,69.33
Simmy,rosso,20.0,4.48,37.79,69.89
Simmy,viola,26.0,4.42,30.48,72.33
Simmy,blu,25.0,5.39,22.1,65.9
Simmy,blu,26.0,4.64,34.94,65.31
Simmy,viola,23.0,3.75,35.6,70.89
Simmy,rosso,29.0,4.2,34.08,68.55
Simmy,blu,20.0,4.3,32.17,66.81
Simmy,blu,21.0,4.24,27.54,72.39
Simmy,rosso,28.0,4.05,34.68,64.9
Simmy,rosso,29.0,3.92,34.93,68.86
Simmy,viola,29.0,4.68,27.94,69.67
Simmy,rosso,27.0,3.76,24.75,70.67
Simmy,viola,25.0,4.74,33.73,68.07
Simmy,blu,25.0,4.56,28.13,71.62
Simmy,rosso,26.0,4.96,40.25,72.9
Simmy,rosso,20.0,4.54,20.42,65.94
Simmy,viola,27.0,4.26,33.01,73.15
Simmy,blu,24.0,5.41,31.51,71.06
Simmy,rosso,28.0,5.08,32.07,68.77
Simmy,blu,25.0,5.05,23.05,64.54
Simmy,rosso,28.0,4.68,31.34,65.57
Simmy,rosso,24.0,4.62,24.3,71.37
Simmy,viola,29.0,4.99,30.0,75.02
Simmy,blu,20.0,5.21,32.55,69.43
Simmy,blu,22.0,4.4,33.84,63.32
Simmy,rosso,25.0,5.68,27.82,68.64
Simmy,rosso,25.0,4.25,33.99,73.54
Simmy,blu,22.0,5.83,34.58,76.46
Simmy,blu,20.0,3.82,33.2,67.36
Simmy,rosso,28.0,3.72,29.84,71.8
Simmy,rosso,23.0,4.53,33.49,75.09
Simmy,blu,21.0,4.86,22.27,72.65
Simmy,viola,27.0,4.59,37.23,71.86
Simmy,viola,28.0,4.63,29.22,74.7
Simmy,viola,25.0,4.54,45.31,73.71
Simmy,rosso,29.0,4.77,40.55,65.41
Simmy,viola,28.0,3.78,39.03,71.97
Simmy,blu,24.0,4.57,27.15,69.38
Simmy,blu,23.0,5.46,35.8,66.51
Simmy,rosso,25.0,5.31,34.05,68.89
Simmy,viola,21.0,4.79,38.41,70.71
Simmy,blu,23.0,5.51,31.79,61.56
Simmy,blu,25.0,4.51,33.35,67.09
Simmy,rosso,22.0,4.97,33.51,72.2
Simmy,rosso,28.0,4.59,33.75,71.59
Simmy,blu,29.0,3.93,35.91,70.83
Simmy,blu,26.0,4.02,22.45,70.2
Simmy,rosso,20.0,4.09,23.35,70.6
Simmy,viola,21.0,5.35,27.86,68.58
Simmy,rosso,27.0,3.34,15.63,67.0
Simmy,blu,22.0,5.1,29.95,66.67
Simmy,viola,27.0,3.57,32.93,67.99
Simmy,viola,22.0,4.95,26.24,70.19
Simmy,rosso,20.0,4.83,38.06,69.0
Simmy,rosso,20.0,4.54,40.54,75.84
Simmy,blu,20.0,3.74,29.82,71.9
Simmy,rosso,26.0,5.46,34.88,69.12
Simmy,rosso,20.0,4.1,34.35,72.95
Simmy,rosso,20.0,3.85,37.85,69.9
Simmy,rosso,24.0,4.38,34.0,67.04
Simmy,rosso,21.0,4.52,39.15,69.87
Simmy,rosso,20.0,4.73,17.65,69.97
Simmy,blu,23.0,4.28,37.18,74.09
Simmy,viola,21.0,4.74,33.48,71.9
Simmy,viola,22.0,4.85,39.74,69.03
Simmy,blu,26.0,4.25,43.33,72.11
Simmy,rosso,21.0,4.22,35.12,67.99
Simmy,blu,26.0,3.5,38.01,72.34
Simmy,viola,21.0,4.25,39.75,70.7
Simmy,rosso,28.0,4.06,24.4,73.75
Simmy,viola,20.0,5.03,39.19,71.77
Simmy,viola,29.0,3.68,30.2,66.96
Simmy,blu,23.0,4.03,37.62,70.89
Simmy,rosso,25.0,4.18,39.8,68.32
Simmy,blu,25.0,4.45,34.1,66.06
Simmy,blu,21.0,4.38,38.51,69.92
Simmy,rosso,21.0,5.24,32.56,67.36
Simmy,blu,24.0,4.9,24.87,72.83
Simmy,rosso,26.0,4.84,33.24,71.79
Simmy,viola,20.0,4.22,43.72,70.87
Simmy,blu,26.0,4.52,34.94,76.29
Simmy,blu,21.0,3.92,33.95,68.11
Simmy,blu,26.0,4.15,24.32,73.5
Simmy,rosso,22.0,4.13,38.55,71.15
Simmy,viola,23.0,5.03,30.41,72.08
Simmy,blu,21.0,3.74,38.29,73.05
Simmy,blu,26.0,4.08,32.16,72.63
Simmy,viola,24.0,4.42,40.8,69.81
Simmy,rosso,28.0,5.13,40.88,66.44
Simmy,rosso,20.0,5.27,29.71,68.56
Simmy,blu,28.0,5.3,21.09,67.96
Simmy,rosso,29.0,4.84,32.98,68.54
Simmy,rosso,28.0,3.73,36.74,71.18
Simmy,blu,29.0,5.55,35.0,72.45
Simmy,viola,24.0,4.2,32.64,72.87
Simmy,viola,25.0,4.25,44.1,70.14
Simmy,rosso,26.0,4.71,34.2,67.59
Simmy,rosso,27.0,4.4,37.86,62.8
Simmy,rosso,24.0,4.98,37.82,72.0
Simmy,viola,26.0,4.37,28.17,70.58
Simmy,blu,23.0,3.22,27.86,65.03
Simmy,viola,21.0,4.76,18.74,73.24
Simmy,blu,20.0,4.9,48.57,75.07
Simmy,blu,27.0,5.09,24.45,70.67
Simmy,viola,27.0,5.49,32.14,65.5
Simmy,blu,25.0,4.31,34.52,73.18
Simmy,viola,21.0,4.12,23.89,69.98
Simmy,blu,26.0,3.86,29.43,71.58
Simmy,rosso,27.0,4.23,31.34,67.63
Simmy,viola,29.0,3.47,36.33,72.34
Simmy,rosso,21.0,4.25,35.47,67.66
Simmy,viola,22.0,4.75,28.99,69.58
Simmy,blu,24.0,3.89,27.96,67.39
Simmy,blu,22.0,3.99,35.6,67.7
Simmy,blu,23.0,5.46,29.28,64.37
Simmy,blu,22.0,5.5,33.5,72.61
Simmy,blu,25.0,4.69,44.02,69.43
Simmy,rosso,24.0,4.62,28.72,64.4
Simmy,blu,20.0,4.13,31.63,69.72
Simmy,rosso,20.0,5.22,43.38,77.93
Simmy,rosso,23.0,4.48,31.46,66.76
Simmy,viola,23.0,4.2,34.57,67.26
Simmy,viola,22.0,4.44,34.01,68.63
Simmy,viola,25.0,3.88,30.22,70.89
Simmy,rosso,20.0,3.97,30.29,66.88
Simmy,viola,20.0,4.34,23.76,70.99
Simmy,viola,25.0,4.3,32.15,71.71
Simmy,viola,25.0,4.24,43.84,66.25
Simmy,viola,28.0,3.99,34.0,72.12
Simmy,viola,21.0,4.93,32.27,71.43
Simmy,viola,25.0,4.87,32.15,73.03
Simmy,rosso,29.0,5.15,31.16,75.68
Simmy,rosso,29.0,4.02,28.4,72.69
Simmy,viola,26.0,4.08,36.86,70.43
Simmy,blu,21.0,4.59,35.26,69.32
Simmy,blu,29.0,3.97,28.2,72.01
Simmy,viola,27.0,4.62,34.01,71.62
Simmy,rosso,28.0,5.48,34.33,73.29
Simmy,blu,27.0,4.51,38.9,73.4
Simmy,rosso,20.0,4.6,31.07,74.8
Simmy,viola,27.0,4.61,28.0,73.02
Simmy,blu,27.0,4.96,39.95,71.51
Simmy,rosso,23.0,4.4,38.07,67.25
Simmy,rosso,22.0,4.03,30.09,70.64
Simmy,rosso,23.0,4.67,44.33,67.04
Simmy,blu,23.0,4.51,30.09,69.58
Simmy,blu,21.0,4.29,20.41,64.87
Simmy,rosso,28.0,5.15,39.04,71.97
Simmy,blu,28.0,3.72,34.19,71.35
Simmy,rosso,28.0,4.62,30.36,72.14
Simmy,viola,27.0,4.43,29.47,73.16
Simmy,blu,24.0,4.85,29.76,71.57
Simmy,rosso,28.0,4.56,30.52,66.32
Simmy,blu,27.0,4.83,33.83,76.71
Simmy,rosso,24.0,3.22,24.02,69.87
Simmy,viola,29.0,3.63,28.19,71.87
Simmy,viola,26.0,4.2,34.51,61.34
Simmy,viola,24.0,3.52,39.9,64.67
Simmy,rosso,26.0,5.16,28.3,72.21
Simmy,viola,21.0,4.53,34.96,76.04
Simmy,viola,26.0,4.81,32.28,73.39
Simmy,blu,29.0,4.81,21.44,67.86
Simmy,blu,29.0,4.76,38.58,73.05
Simmy,blu,24.0,2.85,36.27,73.87
Simmy,rosso,,4.77,39.14,73.26
Simmy,rosso,28.0,4.63,34.23,71.04
Simmy,rosso,22.0,4.93,19.84,69.48
Simmy,viola,27.0,4.28,30.51,65.54
Simmy,blu,27.0,4.63,24.71,74.15
Simmy,blu,22.0,4.4,30.31,69.52
Simmy,viola,23.0,3.54,39.03,68.33
Simmy,rosso,27.0,5.29,31.7,65.63
Simmy,rosso,25.0,4.8,29.11,65.7
Simmy,blu,28.0,4.66,20.98,71.43
Simmy,blu,28.0,4.5,34.2,70.79
Simmy,rosso,22.0,4.86,34.8,70.33
Simmy,rosso,28.0,4.68,38.13,67.58
Simmy,rosso,29.0,4.18,32.02,74.07
Simmy,viola,29.0,5.09,29.49,67.14
Simmy,viola,28.0,4.24,33.85,77.87
Simmy,blu,29.0,4.7,38.27,65.12
Simmy,viola,24.0,4.16,21.46,67.66
Simmy,blu,26.0,3.95,23.33,71.53
Simmy,rosso,20.0,5.32,23.38,73.89
Simmy,rosso,26.0,5.16,37.09,68.62
Simmy,blu,24.0,5.36,34.73,68.2
Simmy,viola,22.0,4.96,38.13,70.12
Simmy,blu,27.0,5.32,27.81,64.67
Simmy,blu,22.0,3.55,33.56,71.8
Simmy,blu,22.0,5.18,43.08,70.8
Simmy,blu,22.0,3.49,38.45,68.57
Simmy,blu,29.0,3.58,38.27,71.88
Simmy,rosso,20.0,4.84,32.48,63.32
Simmy,blu,23.0,4.87,34.28,68.26
Simmy,viola,20.0,3.88,33.38,71.63
Simmy,viola,27.0,4.14,28.33,69.07
Simmy,viola,28.0,4.57,36.9,69.25
Simmy,blu,23.0,3.42,41.17,69.03
Simmy,rosso,22.0,4.87,27.65,66.99
Simmy,viola,29.0,4.54,26.68,76.12
Simmy,rosso,20.0,4.86,27.81,70.6
Simmy,blu,26.0,4.06,31.38,71.22
Simmy,viola,26.0,4.36,25.8,71.12
Simmy,rosso,23.0,4.63,34.73,66.14
Simmy,blu,21.0,4.51,30.13,76.14
Simmy,blu,26.0,5.26,38.87,69.21
Simmy,rosso,21.0,4.01,43.97,72.14
Simmy,viola,28.0,4.49,33.63,66.98
Simmy,rosso,28.0,4.01,29.77,73.22
Simmy,viola,27.0,4.03,31.56,73.39
Simmy,rosso,21.0,4.98,29.67,70.29
Simmy,rosso,28.0,5.17,32.51,64.79
Simmy,viola,27.0,4.23,27.69,68.38
Simmy,viola,27.0,3.34,40.28,74.15
Simmy,rosso,29.0,3.25,29.27,72.4
Simmy,viola,21.0,3.97,39.17,66.11
Simmy,rosso,27.0,4.13,28.67,70.89
Simmy,rosso,29.0,4.62,29.78,69.32
Simmy,blu,20.0,3.41,29.94,71.62
Simmy,rosso,25.0,4.99,32.28,69.01
Simmy,blu,26.0,3.56,29.88,73.13
Simmy,blu,28.0,4.98,30.03,62.79
Simmy,rosso,20.0,4.53,36.11,67.71
Simmy,blu,21.0,6.11,30.96,73.04
Simmy,rosso,22.0,5.16,25.42,68.52
Simmy,viola,26.0,3.83,23.43,66.02
Simmy,blu,23.0,4.8,19.94,70.16
Simmy,viola,25.0,4.31,35.92,70.03
Simmy,blu,22.0,4.41,35.76,70.36
Simmy,blu,22.0,4.23,29.04,70.24
Simmy,blu,24.0,4.58,30.53,72.7
Simmy,blu,23.0,4.59,29.22,63.26
Simmy,blu,26.0,3.9,39.66,72.26
Simmy,viola,21.0,4.57,33.15,69.07
Simmy,viola,28.0,4.59,41.14,73.7
Simmy,blu,23.0,4.47,30.99,66.51
Simmy,rosso,28.0,4.18,22.81,73.48
Simmy,viola,28.0,4.59,27.35,71.77
Simmy,blu,21.0,5.53,33.19,79.59
Simmy,blu,22.0,4.65,30.47,71.34
Simmy,blu,27.0,4.95,22.04,70.2
Simmy,viola,25.0,4.07,32.52,71.23
Simmy,viola,25.0,4.66,35.55,73.96
Simmy,viola,23.0,3.42,38.17,73.35
Simmy,rosso,22.0,3.94,33.93,70.64
Simmy,rosso,25.0,5.17,30.84,73.59
Simmy,viola,23.0,4.73,42.0,69.24
Simmy,viola,24.0,3.42,25.5,66.86
Simmy,blu,25.0,5.37,39.17,72.37
Simmy,rosso,26.0,4.42,28.97,72.33
Simmy,rosso,22.0,4.79,33.92,67.8
Simmy,viola,25.0,4.58,36.4,69.89
Simmy,blu,28.0,4.06,40.42,74.79
Simmy,rosso,23.0,3.84,35.91,72.08
Simmy,rosso,21.0,3.7,34.37,69.98
Simmy,viola,25.0,4.86,30.31,69.51
Simmy,viola,21.0,4.76,37.33,71.98
Simmy,blu,21.0,4.74,22.98,74.28
Simmy,blu,24.0,4.88,25.7,63.31
Simmy,rosso,24.0,4.94,41.25,73.07
Simmy,viola,25.0,5.17,33.89,67.66
Simmy,rosso,28.0,4.9,34.08,71.85
Simmy,blu,26.0,3.84,37.61,66.48
Simmy,rosso,26.0,4.88,33.13,65.99
Simmy,rosso,23.0,4.74,36.71,63.82
Simmy,rosso,26.0,4.42,32.81,72.67
Simmy,rosso,28.0,4.42,30.9,73.34
Simmy,blu,27.0,3.64,29.95,70.66
Simmy,viola,26.0,4.38,38.21,69.29
Simmy,,25.0,4.31,23.21,68.94
Simmy,viola,25.0,4.6,27.74,74.76
Simmy,blu,20.0,4.94,46.73,68.0
Simmy,viola,26.0,4.21,32.41,70.44
Simmy,blu,29.0,4.78,25.17,70.5
Simmy,blu,23.0,4.48,24.43,71.46
Simmy,blu,23.0,4.16,30.64,69.81
Simmy,blu,20.0,4.94,24.79,68.86
Simmy,blu,27.0,3.92,39.98,70.27
Simmy,blu,29.0,4.76,30.44,71.66
Simmy,viola,24.0,4.06,23.52,69.91
Simmy,viola,,3.99,32.73,75.86
Simmy,blu,28.0,4.89,27.98,73.06
Simmy,rosso,26.0,4.23,37.11,65.19
Simmy,viola,23.0,4.47,35.38,74.01
Simmy,blu,25.0,3.29,30.73,75.1
Simmy,rosso,26.0,4.55,42.08,71.05
Simmy,rosso,23.0,5.36,36.53,76.19
Simmy,blu,23.0,3.89,36.07,73.97
Simmy,rosso,20.0,4.87,37.54,71.5
Simmy,blu,23.0,5.74,29.1,68.63
Simmy,viola,28.0,3.85,27.49,69.15
Simmy,blu,23.0,3.6,42.01,65.26
Simmy,rosso,28.0,4.26,22.29,71.2
Simmy,blu,20.0,4.96,38.51,67.21
Simmy,blu,27.0,3.37,30.92,69.25
Simmy,blu,29.0,5.29,38.96,73.35
Simmy,rosso,28.0,5.04,32.53,68.99
Simmy,rosso,29.0,4.48,39.33,70.03
Simmy,rosso,26.0,4.38,35.49,70.75
Simmy,blu,25.0,4.48,31.24,67.97
Simmy,rosso,28.0,4.53,28.54,71.65
Simmy,viola,22.0,4.98,30.14,71.24
Simmy,rosso,24.0,5.15,35.81,77.26
Simmy,blu,25.0,4.57,45.93,70.84
Simmy,rosso,20.0,3.93,41.8,67.08
Simmy,blu,24.0,4.66,29.73,67.96
Simmy,blu,23.0,4.31,40.44,73.58
Simmy,viola,23.0,4.24,40.42,67.28
Simmy,blu,25.0,4.67,30.9,69.86
Simmy,rosso,29.0,4.16,46.25,70.56
Simmy,rosso,22.0,4.22,32.01,74.55
Simmy,blu,27.0,3.58,38.46,73.26
Simmy,viola,27.0,5.09,33.11,68.02
Simmy,blu,20.0,3.87,29.61,68.96
Simmy,viola,21.0,4.1,23.64,69.08
Simmy,rosso,21.0,4.48,26.34,68.41
Simmy,rosso,20.0,5.03,30.28,66.87
Simmy,viola,29.0,5.23,29.14,66.38
Simmy,viola,20.0,5.19,30.48,72.07
Simmy,rosso,,4.48,39.73,70.73
Simmy,viola,26.0,4.5,27.6,67.44
Simmy,viola,20.0,4.14,28.83,72.06
Simmy,viola,22.0,4.87,30.42,68.1
Simmy,rosso,22.0,4.31,45.22,73.2
Simmy,viola,21.0,4.28,25.88,72.04
Simmy,viola,22.0,5.37,31.06,71.22
Simmy,blu,23.0,5.39,33.8,72.36
Simmy,rosso,23.0,5.23,29.35,72.62
Simmy,viola,25.0,4.14,34.77,73.68
Simmy,viola,29.0,4.66,23.0,72.41
Simmy,viola,29.0,4.14,31.72,72.41
Simmy,blu,26.0,4.46,30.91,65.17
Simmy,blu,29.0,5.16,34.01,67.6
Simmy,viola,20.0,4.32,28.11,70.95
Simmy,viola,27.0,5.46,37.68,68.53
Simmy,viola,29.0,5.48,30.52,67.03
Simmy,rosso,25.0,5.13,36.62,75.99
Simmy,rosso,29.0,4.44,26.16,72.61
Simmy,viola,24.0,4.05,33.63,66.14
Simmy,viola,27.0,4.57,30.74,63.76
Simmy,viola,28.0,4.34,25.26,64.67
Simmy,blu,21.0,5.71,44.5,76.35
Simmy,rosso,29.0,4.6,39.58,67.69
Simmy,rosso,25.0,4.98,37.51,65.19
Simmy,blu,26.0,4.73,47.55,73.27
Simmy,rosso,20.0,4.11,30.35,73.97
Simmy,rosso,28.0,4.13,32.22,72.47
Simmy,blu,24.0,4.09,33.46,73.2
Simmy,rosso,20.0,4.9,30.3,73.2
Simmy,blu,23.0,4.21,49.75,68.15
Simmy,rosso,25.0,5.17,28.36,75.86
Simmy,viola,27.0,3.3,42.07,69.68
Simmy,rosso,27.0,5.54,34.2,67.42
Simmy,viola,24.0,3.72,26.0,68.08
Simmy,rosso,26.0,4.63,37.31,74.75
Simmy,rosso,22.0,4.18,35.35,73.98
Simmy,viola,22.0,4.71,32.5,69.89
Simmy,rosso,24.0,5.42,28.26,63.67
Simmy,blu,27.0,4.72,27.06,75.36
Simmy,blu,29.0,4.68,29.93,69.33
Simmy,blu,23.0,4.64,28.85,68.18
Simmy,rosso,21.0,4.39,19.97,71.56
Simmy,rosso,29.0,4.3,33.4,72.37
Simmy,viola,25.0,4.97,24.35,78.01
Simmy,viola,25.0,4.2,39.07,71.52
Simmy,viola,29.0,4.08,29.21,63.42
Simmy,rosso,25.0,4.12,28.4,70.64
Simmy,blu,23.0,5.14,29.53,77.87
Simmy,blu,29.0,4.84,33.5,69.75
Simmy,viola,22.0,5.11,22.94,70.04
Simmy,blu,21.0,3.69,32.09,77.21
Simmy,viola,29.0,4.06,33.53,63.35
Simmy,blu,29.0,5.38,34.05,71.84
Simmy,rosso,29.0,4.7,25.15,66.95
Simmy,blu,26.0,4.17,33.41,69.21
Simmy,rosso,27.0,4.94,36.42,74.79
Simmy,viola,24.0,4.42,33.67,71.07
Simmy,viola,20.0,4.34,35.07,67.2
Simmy,viola,27.0,4.21,31.42,70.52
Simmy,blu,28.0,3.8,24.41,66.01
Simmy,viola,21.0,4.4,40.34,68.64
Simmy,rosso,27.0,5.23,25.09,71.13
Simmy,blu,29.0,5.24,31.09,72.61
Simmy,rosso,28.0,4.14,30.83,65.61
Simmy,blu,28.0,3.77,33.33,69.86
Simmy,rosso,26.0,4.73,18.98,66.4
Simmy,blu,25.0,5.55,38.0,71.17
Simmy,viola,25.0,4.52,31.12,64.26
Simmy,viola,20.0,4.2,30.78,74.13
Simmy,rosso,,4.67,45.6,67.96
Simmy,viola,20.0,4.77,30.68,69.96
Simmy,blu,22.0,3.86,33.09,70.09
Simmy,blu,22.0,4.45,33.66,69.4
Simmy,blu,20.0,3.97,27.18,68.71
Simmy,blu,21.0,4.5,38.08,75.06
Simmy,blu,22.0,4.05,26.8,71.08
Simmy,viola,24.0,5.09,38.58,74.48
Simmy,rosso,27.0,4.15,35.29,67.84
Simmy,viola,24.0,4.69,21.38,69.77
Simmy,rosso,20.0,3.86,30.14,69.19
Simmy,blu,23.0,4.73,33.8,68.18
Simmy,rosso,21.0,4.08,32.58,71.75
Simmy,rosso,23.0,4.56,33.22,70.64
Simmy,viola,23.0,4.76,29.01,72.24
Simmy,viola,27.0,5.33,33.99,68.42
Simmy,viola,22.0,3.98,28.7,68.75
Simmy,viola,27.0,4.81,27.54,75.68
Simmy,rosso,21.0,4.73,34.18,70.47
Simmy,blu,28.0,4.14,36.17,72.46
Simmy,blu,27.0,4.28,29.85,71.07
Simmy,blu,20.0,4.45,34.02,75.69
Simmy,viola,23.0,4.8,30.94,77.26
Simmy,viola,22.0,4.77,27.4,72.6
Simmy,rosso,21.0,5.17,28.73,68.3
Simmy,blu,27.0,4.45,36.38,59.44
Simmy,viola,24.0,4.6,35.67,66.3
Simmy,rosso,27.0,4.47,28.9,74.74
Simmy,blu,21.0,4.3,36.82,70.72
Simmy,viola,29.0,4.7,35.72,77.23
Simmy,rosso,28.0,4.38,33.64,74.12
Simmy,blu,27.0,4.8,36.05,66.38
Simmy,rosso,28.0,4.89,31.76,76.42
Simmy,rosso,26.0,4.58,33.76,70.99
Simmy,rosso,29.0,4.3,48.28,66.76
Simmy,blu,26.0,3.77,28.96,73.1
Simmy,rosso,22.0,4.91,36.2,72.03
Simmy,rosso,24.0,4.51,23.65,70.67
Simmy,rosso,24.0,4.43,35.76,69.92
Simmy,blu,28.0,4.79,40.1,71.76
Simmy,viola,20.0,4.76,29.21,71.41
Simmy,rosso,29.0,4.71,27.13,70.12
Simmy,viola,21.0,4.97,28.74,74.25
Simmy,blu,22.0,4.42,26.66,63.92
Simmy,viola,28.0,4.23,31.93,68.31
Simmy,blu,21.0,4.45,31.6,69.74
Simmy,blu,22.0,4.79,43.86,71.14
Simmy,rosso,26.0,5.11,31.31,69.92
Simmy,rosso,27.0,3.95,27.95,69.0
Simmy,rosso,26.0,5.3,43.52,74.88
Simmy,blu,29.0,5.46,33.71,71.36
Simmy,rosso,26.0,4.43,28.46,65.38
Simmy,rosso,26.0,4.95,40.61,72.77
Simmy,rosso,29.0,4.29,34.68,61.5
Simmy,viola,21.0,4.01,39.49,65.67
Simmy,blu,28.0,4.67,31.85,70.3
Simmy,rosso,28.0,4.15,33.05,68.39
Simmy,blu,27.0,5.66,41.0,
Simmy,rosso,26.0,4.53,31.54,74.94
Simmy,blu,27.0,4.05,22.28,64.12
Simmy,viola,22.0,4.26,36.61,70.75
Simmy,viola,25.0,5.29,28.04,74.73
Simmy,viola,26.0,4.16,34.4,71.35
Simmy,blu,20.0,4.91,31.51,62.27
Simmy,blu,23.0,4.02,40.13,68.88
Simmy,rosso,29.0,4.09,33.99,67.35
Simmy,viola,22.0,5.56,33.53,70.74
Simmy,viola,20.0,4.2,34.71,64.52
Simmy,viola,25.0,4.38,35.68,63.8
Simmy,viola,26.0,5.08,30.72,68.2
Simmy,blu,25.0,4.69,34.81,70.69
Simmy,viola,21.0,4.78,33.44,69.06
Simmy,viola,24.0,5.17,33.24,60.99
Simmy,blu,29.0,4.85,28.76,69.5
Simmy,rosso,22.0,4.83,34.15,71.43
Simmy,viola,25.0,4.03,29.01,68.24
Simmy,viola,26.0,4.85,28.15,72.66
Simmy,blu,21.0,4.67,28.13,72.68
Simmy,viola,24.0,4.13,20.25,64.53
Simmy,rosso,22.0,4.7,40.37,72.69
Simmy,blu,25.0,4.58,29.13,70.59
Simmy,viola,20.0,4.76,44.77,73.63
Simmy,blu,28.0,4.59,38.6,68.83
Simmy,viola,24.0,5.22,32.72,70.71
Simmy,blu,24.0,3.86,34.67,68.62
Simmy,rosso,20.0,4.06,39.59,71.17
Simmy,rosso,26.0,4.54,27.11,63.03
Simmy,viola,29.0,4.2,30.37,69.05
Simmy,rosso,23.0,4.62,32.23,71.88
Simmy,blu,20.0,4.45,30.21,64.8
Simmy,viola,21.0,4.36,29.2,76.02
Simmy,viola,29.0,3.64,26.91,71.87
Simmy,rosso,24.0,4.72,30.47,74.07
Simmy,blu,29.0,3.34,34.2,72.43
Simmy,blu,29.0,4.29,32.72,67.14
Simmy,viola,27.0,4.98,27.83,75.16
Simmy,viola,26.0,5.25,42.61,71.5
Simmy,rosso,26.0,3.94,33.63,68.49
Simmy,rosso,23.0,3.78,27.75,73.76
Simmy,viola,29.0,4.72,29.17,64.18
Simmy,blu,23.0,4.31,26.69,67.46
Simmy,viola,29.0,4.55,29.19,69.19
Simmy,blu,23.0,4.74,31.91,67.43
Simmy,blu,24.0,4.33,28.31,71.78
Simmy,rosso,27.0,4.4,41.68,71.13
Simmy,viola,23.0,4.44,20.8,72.69
Simmy,rosso,24.0,4.08,34.42,71.79
Simmy,blu,23.0,3.36,36.26,70.97
Simmy,blu,21.0,4.53,34.31,65.47
Simmy,blu,29.0,5.71,37.52,72.61
Simmy,rosso,29.0,4.23,28.44,70.17
Simmy,blu,29.0,4.21,18.8,73.85
Simmy,rosso,22.0,3.89,36.82,65.63
Simmy,rosso,26.0,4.14,42.76,73.72
Simmy,blu,27.0,3.96,21.31,66.62
Simmy,viola,23.0,4.12,42.11,65.44
Simmy,blu,26.0,3.82,26.01,75.32
Simmy,blu,23.0,4.87,31.93,72.52
Simmy,viola,25.0,4.35,29.31,69.02
Simmy,viola,25.0,4.73,34.25,73.62
Simmy,viola,23.0,4.1,26.61,73.11
Simmy,rosso,24.0,4.65,21.61,67.41
Simmy,viola,21.0,5.04,30.91,74.58
Simmy,rosso,24.0,4.06,32.68,65.81
Simmy,viola,23.0,5.07,36.7,68.42
Simmy,viola,23.0,5.18,28.02,75.37
Simmy,viola,27.0,4.77,29.98,66.67
Simmy,rosso,23.0,3.98,42.13,69.42
Simmy,viola,28.0,4.34,38.43,74.81
Simmy,rosso,23.0,4.72,34.93,68.71
Simmy,blu,24.0,4.31,39.24,
Simmy,blu,29.0,5.95,22.67,71.51
Simmy,blu,29.0,4.34,32.64,70.23
Simmy,rosso,24.0,4.41,35.25,66.22
Simmy,rosso,29.0,4.91,26.9,70.83
Simmy,viola,24.0,4.44,23.96,64.55
Simmy,viola,26.0,3.85,34.95,71.64
Simmy,viola,24.0,4.42,35.53,73.16
Simmy,viola,27.0,3.92,24.71,68.09
Simmy,rosso,28.0,3.55,35.25,69.8
Simmy,blu,26.0,4.25,25.4,66.43
Simmy,viola,20.0,4.53,38.84,73.99
Simmy,viola,20.0,3.75,36.7,72.78
Simmy,blu,23.0,5.2,26.21,68.8
Simmy,rosso,25.0,3.82,31.99,71.42
Simmy,rosso,29.0,4.32,32.81,65.95
Simmy,rosso,28.0,5.18,24.45,69.18
Simmy,rosso,28.0,4.13,30.79,63.54
Simmy,blu,26.0,4.46,33.83,73.85
Simmy,viola,22.0,3.58,30.18,65.55
Simmy,rosso,27.0,4.44,43.68,71.29
Simmy,blu,22.0,4.71,38.27,71.9
Simmy,viola,22.0,4.89,31.93,70.73
Simmy,viola,26.0,4.54,30.88,70.98
Simmy,rosso,24.0,4.53,22.35,73.17
Simmy,rosso,22.0,3.69,38.7,68.44
Simmy,viola,29.0,5.1,26.89,68.94
Simmy,blu,28.0,4.38,29.04,71.84
Simmy,viola,23.0,4.17,35.27,73.44
Simmy,blu,26.0,4.28,25.91,71.31
Simmy,blu,21.0,5.3,28.8,65.17
Simmy,rosso,23.0,3.7,34.82,71.33
Simmy,viola,27.0,3.66,31.72,69.88
Simmy,viola,27.0,4.75,20.92,70.43
Simmy,viola,24.0,4.57,32.49,67.52
Simmy,blu,23.0,4.59,28.45,70.13
Simmy,rosso,24.0,5.31,27.52,72.08
Simmy,blu,26.0,4.62,42.62,70.57
Simmy,viola,27.0,4.43,29.71,71.49
Simmy,blu,22.0,5.2,35.38,66.37
Simmy,blu,26.0,4.15,42.77,68.94
Simmy,rosso,27.0,4.14,31.09,70.45
Simmy,viola,27.0,5.27,27.67,66.4
Simmy,blu,27.0,3.89,35.4,69.31
Simmy,blu,20.0,4.4,32.91,70.52
Simmy,viola,20.0,4.35,33.5,71.2
Simmy,viola,24.0,3.59,47.59,73.01
Simmy,blu,25.0,4.75,39.53,72.44
Simmy,rosso,23.0,4.38,37.03,73.77
Simmy,blu,21.0,4.81,40.88,74.68
Simmy,blu,21.0,5.73,31.06,66.08
Simmy,blu,27.0,4.87,32.51,70.8
Simmy,rosso,20.0,5.42,23.75,72.98
Simmy,rosso,21.0,4.55,30.81,67.6
Simmy,rosso,28.0,4.94,31.78,75.17
Simmy,rosso,25.0,5.2,35.7,69.24
Simmy,viola,25.0,5.01,33.82,68.47
Simmy,blu,27.0,4.65,35.29,75.93
Simmy,rosso,22.0,4.94,38.15,68.91
Simmy,rosso,26.0,4.33,36.09,70.82
Simmy,viola,28.0,4.61,34.53,67.45
Simmy,blu,22.0,4.93,26.98,70.82
Simmy,rosso,29.0,4.46,43.93,69.16
Simmy,blu,20.0,4.17,27.13,74.42
Simmy,blu,29.0,4.36,34.6,71.07
Simmy,viola,24.0,4.58,19.28,65.71
Simmy,rosso,28.0,5.09,30.88,72.1
Simmy,viola,27.0,4.38,40.39,63.65
Simmy,blu,26.0,4.85,46.75,68.37
Simmy,blu,22.0,3.99,35.93,71.07
Simmy,rosso,28.0,4.7,39.49,73.74
Simmy,blu,20.0,4.5,19.7,77.53
Simmy,blu,20.0,5.42,30.54,68.41
Simmy,blu,27.0,4.39,29.87,73.05
Simmy,viola,21.0,3.84,29.52,70.68
Simmy,blu,29.0,4.19,36.03,76.21
Simmy,viola,26.0,4.82,34.72,66.65
Simmy,blu,27.0,4.02,28.46,71.37
Simmy,rosso,25.0,4.49,34.98,80.26
Simmy,blu,25.0,3.78,34.79,67.51
Simmy,viola,27.0,4.54,35.06,70.32
Simmy,rosso,25.0,4.43,40.3,67.29
Simmy,rosso,20.0,4.27,35.81,68.94
Simmy,blu,26.0,3.79,39.8,73.96
Simmy,rosso,26.0,3.86,34.02,69.59
Simmy,rosso,20.0,3.93,37.27,71.15
Simmy,rosso,29.0,4.96,38.89,74.73
Simmy,blu,27.0,4.11,36.1,70.27
Simmy,rosso,29.0,5.48,29.89,64.64
Simmy,rosso,29.0,4.7,36.85,70.96
Simmy,blu,27.0,5.27,39.43,70.92
Simmy,rosso,22.0,4.59,32.97,73.41
Simmy,viola,29.0,4.55,35.48,68.47
Simmy,blu,23.0,3.84,29.86,71.51
Simmy,viola,22.0,4.55,29.41,68.38
Simmy,rosso,27.0,4.53,33.12,68.1
Simmy,viola,23.0,5.1,18.88,64.95